local_authority,alcohol_admissions,air_pollution,asthma,ave_wk_earn,CHD,COPD,depression,hypertension,loneliness,obese,five_a_day,active,pop_density,smoking,stroke,crime,qual_none,qual_L1,qual_L2,qual_L3,qual_L4,qual_other,SEC_L1toL6,SEC_L7toL9,SEC_L10toL13,SEC_L14,SEC_L15,age45orOver,disabled,ethnicityWhite,male,good_health,facilities_per1000
Adur,1393.63,7.01,7.43,422.6,3.94,2.28,14.25,17.08,16.78,22.84,35.04,70.33,1535.31,15.27,2.14,24.88,16.01,9.4,12.32,14.03,22.91,7.39,27.07,21.94,23.46,5.63,3.96,50.94,19.49,93.42,48.36,80.33,2.06
Allerdale,1647.24,4.19,7.29,530.2,4.73,2.45,11.55,17.2,19.73,27.55,33.85,66.44,78.8,14.4,2.75,38.31,17.27,8.29,11.61,14.44,23.77,8.35,23.78,17.93,31.55,7.23,3.25,54.02,19.97,98.45,48.98,79.07,3.5
Amber Valley,1843.66,7.37,7.49,478,3.82,2.28,17.01,16.16,16.21,27.56,35.41,71.32,485.44,14.08,2.39,30.26,16.38,8.7,11.89,14.84,23.98,7.46,26.31,17.83,29.83,5.74,3.55,51.6,19.86,97.28,49.1,79.87,2.01
Arun,1604.95,6.67,7.47,422.3,4.3,2.38,17.27,18.13,21.72,27.32,35.66,65.48,730.03,16.05,2.63,27.78,16.7,9.79,12.93,14.55,22.34,8.33,26.46,21.68,26.58,5.99,3.93,55.01,19.7,95.82,48.19,79.76,1.66
Ashfield,2140.17,7.16,7.12,443.9,3.68,2.51,15.34,15.3,23.11,35.02,26.58,61.39,1171.42,17.57,2.15,34.56,19.22,9.74,12.78,14.56,17.57,7.56,20.24,16.63,33.69,7.21,3.66,46.97,22.02,95.13,48.98,77.14,1.77
Ashford,1382.8,6.48,6.26,484.3,2.81,1.78,17.78,14.79,30.05,28.08,35.75,66.63,225.65,15.2,1.75,43.05,14.18,9.11,12.36,13.73,24.22,6.82,27.39,19.95,23.13,5.76,4.2,46.09,17.07,88.06,48.66,82.95,2.46
Babergh,1344.06,6.76,7.67,485.9,3.95,2.01,14,17.37,18.61,25.39,39.98,70.58,156.18,13.01,2.27,26.67,14.61,9.36,13.15,14.52,24.71,7.45,29.51,21.82,23.96,4.67,3.82,55.01,17.5,96.67,48.53,82.2,3.03
Barking and Dagenham,1672.66,8.59,4.71,506,1.7,1.38,16.16,11.26,26.8,30.38,23.99,58.45,5932.52,17.1,0.96,36.29,16.81,7.65,9.31,9.97,24.58,5.58,16.48,17.32,22.27,9.71,8.12,30.94,13.25,44.9,48.7,84.03,1.12
Barnet,1401.12,8.57,4.5,570.7,2.35,0.99,20.56,11.38,21.21,15.93,32.08,66.12,4600.18,12.99,1.3,21.47,12.27,5.47,7.88,9.9,38.95,4.99,31.36,19.06,14.01,7.92,7.1,38.84,12.76,57.73,48.43,85.88,1.66
Barnsley,2450.76,6.59,6.82,460,4.17,3.1,12.58,15.49,20.06,38.31,30.74,60.72,753.89,18.76,2.24,43.48,20.58,8.83,11.85,13.76,19.13,7.54,20.41,17.19,32.19,8.1,3.8,47.11,22.05,96.88,49.18,76.95,2.23
Barrow-in-Furness,1936.52,6.66,8.05,476.5,4.06,2.81,11.27,15.83,19.16,31.22,25.32,62.15,855.89,16.48,2.22,50.78,15.29,8.2,10.95,16.99,20.5,10.9,23.51,15,33.02,8.05,3.25,49.06,21.74,97.04,49.6,77.92,2.67
Basildon,1584.2,7.8,6.62,494.4,2.77,1.97,13.01,14.65,31.71,26.95,29.68,64.1,1704.69,16.24,1.83,50.7,16.43,10.36,13.06,13.5,19.48,6.42,25.04,20.1,23.8,6.25,4.06,42.42,16.73,87.5,48.55,82.69,1.67
Basingstoke and Deane,1826.34,7.51,6.88,624,2.41,1.44,14.93,13.71,16.02,28.3,30.3,72.79,280.46,14.68,1.65,32.69,11.51,8.6,11.65,14.6,28.52,6.04,32.68,18.51,21.67,4.44,3.62,44.27,15,88.49,49.51,85.09,2.31
Bassetlaw,1539.84,6.57,6.84,414.7,3.48,2.77,12.39,14.99,24.36,29.33,29.24,67.01,185.43,16.51,2.18,31.54,17.84,9.04,12.22,14.4,21.09,8.07,23.37,17.16,31.63,6.93,3.56,50.54,20.39,96.45,49.58,78.62,2.67
Bath and North East Somerset,1446.1,6.97,6.8,456.9,2.81,1.42,12.48,12.73,26.84,21.68,37.91,77.31,567.93,12.34,1.81,25.15,10.24,6.19,9.9,18.26,33.22,5.75,30.76,17.34,19.47,3.76,12.24,44.22,16.43,92.19,48.8,84.64,2.76
Bedford,1661.58,7.29,7.17,519.8,2.83,1.48,10.84,14.17,18.64,24.03,30.96,67.58,366.67,16.1,1.59,34.85,13.4,8.3,10.79,12.94,27.76,6.79,28.07,17.99,23.04,5.89,4.99,42.28,15.51,75.68,49.2,83.79,2.75
Bexley,1597.87,7.95,5.29,581.9,2.62,1.78,11.23,14.1,18.24,28,22.56,63.66,4116.63,13.97,1.61,24.03,14.44,8.69,11.58,13.19,25.09,6.47,26.71,20.53,20.35,6.31,5.57,42.34,14.64,71.88,48.08,84.21,1.67
Birmingham,2066.96,8.29,6.36,456.8,2.61,1.41,11.61,11.83,28.5,27.72,23.9,58.11,4259.06,16.13,1.38,66.35,18.53,7.87,9.71,13.28,23.22,5.09,19.09,13.79,22.12,12.54,10.16,35.26,17.3,48.62,48.95,80.83,1.29
Blaby,1343.09,7.69,6.55,480.3,3.07,1.75,12.07,15.7,22.71,25.75,25.39,65.83,781.43,12.34,1.93,27.71,14.05,8.13,11.54,14.99,24.82,7.75,28.64,20.01,23.64,4.94,4.07,47.13,15.84,86.23,49.01,83.53,2.5
Blackburn with Darwen,2294.19,6.34,7.75,412.4,3.43,2.1,15.62,13.88,25.24,22.97,24.33,53.75,1095.02,17.85,1.75,50.04,18.69,8.38,10.71,12.16,20.72,6.57,18.25,15.93,25.37,11.12,6.58,38.74,18.47,60.35,49.56,80.11,2.06
Blackpool,2670.53,7.93,7.88,394.2,4.42,3.75,17.89,17.86,29.3,35.63,29.93,59.12,3967.23,23.87,2.42,85.41,20.26,9.7,12.39,13.74,18.56,7.84,18.27,19.68,29.86,10.21,4.45,48.75,25.14,94.69,49.37,73.87,1.82
Bolsover,1971.1,6.99,7.05,421.7,3.98,2.86,10.93,17.64,24.05,35.88,26,62.19,507.11,18,2.24,35.41,19.95,9.59,12.54,14.66,17.95,7.87,20.33,16.35,35.21,7.16,3.51,48.76,22.85,97.35,49.31,76.06,2.36
Bolton,1723.4,7.28,6.81,429,2.94,2.19,13.92,13.58,26.97,27.07,24.32,59.65,2061.81,16.85,1.91,53.3,17.72,8.38,10.93,12.9,21.52,7.04,20.98,16.94,24.94,9.85,5.76,42.25,18.11,71.95,49.3,80.71,1.87
Boston,1807.31,7.22,5.7,428.6,3.44,2.02,14.92,15.6,18.07,32.82,29.4,59.5,195.93,22.56,2.14,35.96,22.58,10.38,11.74,11.57,15.55,9.86,17.49,16.56,37.65,6.08,3.9,46.91,17.84,94.65,49.21,79.24,1.88
"Bournemouth, Christchurch and Poole",1994.47,7.23,7.04,460.6,3.78,1.96,13.33,14.13,25.59,27.93,34.39,67.26,2460.85,16.28,2.35,28.72,13.32,8.27,11.83,15.93,26.85,7.48,27.79,19.79,23.43,5.46,7.21,46.97,18.45,91.33,48.82,81.65,1.63
Bracknell Forest,1298.94,7.91,6.2,595.5,2.33,1.24,15.4,13.43,24.76,24.98,29.4,69.6,1135.11,13.85,1.32,24.55,10.58,8.49,11.98,14.34,28.55,6.25,33.05,19.12,19.53,4.21,4.29,41.76,13.41,86.09,49.31,86.95,2.78
Bradford,1925.23,6.86,7.36,438.4,3.11,2.07,14.21,13.6,21.2,30.06,25.3,58.94,1479.54,18.35,1.72,65.91,18.51,8.43,10.52,12.13,21.17,6.41,19.89,16.02,23.57,11.11,6.57,38.81,17.15,61.13,48.95,80.67,1.67
Braintree,1144.45,7.2,7.3,504.9,3.21,1.85,12.37,14.42,22.55,28.25,37.24,66.78,250.27,15.27,1.85,37.23,14.97,10.03,13.59,14.87,21.04,7.02,27.26,20.71,24.68,5.15,3.72,48.01,16.93,94.66,49.03,82.9,2.32
Breckland,1406.92,6.23,7.49,420,3.76,2.18,10.65,17.05,22.39,31.05,39.98,71.08,108.23,17.25,2.32,33.12,18.54,10.03,12.99,14.07,19.23,8.43,23.57,20.25,30.58,5.71,3.21,52.14,19.6,96.45,49.57,79.61,2.32
Brent,2044.49,8.8,4.24,529.2,1.89,0.76,8.76,11.11,27.22,19.43,29.15,60.1,7580.7,14.29,1.05,30.05,17.59,7.15,7.69,10.1,32.37,6.06,22.66,17.86,21.1,10.66,8.69,35.82,12.11,34.64,49.05,84.78,1.01
Brentwood,1169.26,7.48,5.78,519.9,2.71,1.39,13.21,14.15,16.97,24.34,32.53,71.43,504.46,11.52,1.92,28.86,12.31,7.88,12.55,14,28.88,5.98,35.68,21.78,15.5,4.7,3.93,47.09,14.08,88.51,48.62,85.66,3.11
Brighton and Hove,1147.32,7.06,5.85,489.5,2.08,1.45,11.42,9.56,18.91,19.12,37.86,72.73,3529.07,18.77,1.32,37.77,10.54,5.97,9.05,16.73,37.82,4.83,32.65,18.16,16.75,5.55,11.84,40.51,18.69,85.37,48.92,83.35,1.7
Bristol,2166.1,7.63,6.22,522.1,2.2,1.69,16.11,10.12,22.53,24.82,36.55,74.16,4250.31,18.45,1.5,45.02,11.99,6.21,8.84,15.66,34.73,5.04,29.57,15.28,20.99,5.6,11.04,33.82,17.18,81.09,49.64,83.54,1.44
Broadland,1375.56,6.62,8.14,458.2,3.44,1.63,14.24,16.43,18.58,22.34,39.74,67.25,238.83,11.99,2.26,25.36,14.74,9.3,13.18,15.21,23.02,8.44,28.47,22.67,24.63,4.57,3.56,54.13,18.54,96.32,48.79,81.51,2.77
Bromley,1459.16,7.67,5.44,642.5,2.67,1.35,13.28,12.94,17.9,19.9,34.27,73.57,2216.06,12.57,1.53,21.89,11.09,6.98,10.68,11.95,34.4,5.24,35.95,19.75,14.68,5.29,4.67,44.38,13.91,76.46,47.96,85.82,2.36
Bromsgrove,1660.45,7.02,6.91,549.6,3.34,1.64,11.37,15.34,17.75,20.86,35.44,70.78,463.52,11.66,2.28,31.89,12.83,7.42,11.52,13.59,29.94,6.47,33.82,19.35,19.47,4.85,4.28,50.92,16.57,93.07,48.85,83.79,3.12
Broxbourne,1502.73,8.01,6.14,556,2.82,1.76,9.04,14.04,18.99,28.9,29.13,65.71,1897.36,16.35,1.74,24.85,16.72,9.44,11.84,13.4,21.91,6.91,25.12,21.39,23,6.18,4.55,43.47,14.4,81.11,48.36,83.88,1.91
Broxtowe,1828.66,7.61,6.95,493.9,3.5,2.08,10.8,15.31,27.66,23.34,34.12,67.88,1431.08,13.29,2.13,19,14.49,7.89,10.35,15.12,28.52,7.04,29.52,17.22,24.42,5.75,6.5,48.27,18.91,88.91,49.03,80.89,2
Buckinghamshire UA,1331.65,7.62,6.51,546.6,2.95,1.28,11.73,14.07,17.67,20.51,31.83,73.24,349.57,12.45,1.74,24.09,11.03,7.13,10.75,12.62,32.86,5.78,33.97,19.62,17.19,4.72,4.68,46.07,13.49,79.95,48.89,86.33,2.8
Burnley,2347.67,6.12,7.69,450.2,3.79,2.82,10.83,14.75,24.66,35.37,24.76,61.89,807.08,20.7,2,60.77,19.38,8.84,11,13.32,19.33,7.57,18.68,15.65,30.54,9.59,4.98,43.19,20.61,82.53,49.44,78.42,2.04
Bury,1587.65,7.11,6.79,517.2,3.16,2.09,12.86,13.7,24.4,24.85,29.77,69.21,1916.96,15.48,1.94,45.58,14.81,7.77,11.69,13.2,25.81,6.61,26.62,18.27,22.24,7.69,5.09,44.44,18.51,82.91,49.06,81.18,1.93
Calderdale,1781.05,6.61,7.41,444.5,3.47,2.24,12.85,13.95,24.79,24.29,31.3,67.04,581,17.52,2.05,56.78,15.47,7.89,11.3,14.08,24.88,7.01,26.1,18.06,24.6,7.25,4.62,46.89,18.32,86.07,48.75,80.8,2.29
Cambridge,1692.15,7.38,4.89,628.9,1.64,0.96,12.33,7.37,23.9,18.79,35.87,81.08,3072.85,12.18,0.95,39.03,8.21,4.11,5.9,15.57,47.82,4.03,34.67,11.01,14.23,4,21.74,30.66,14.71,74.53,50.1,87.18,2.5
Camden,1929.79,9.25,3.91,694.2,1.38,1.15,12.18,8.73,36.28,17.97,35.81,72.39,12824.19,14.17,0.86,27.36,9.97,4.28,6.08,11.97,48.51,3.86,37.93,13.32,12.21,8.32,12.88,34.42,15.17,59.52,47.34,84.88,1.31
Cannock Chase,2202,6.91,6.83,493.1,3.71,2.69,14.98,16.33,25.12,31.32,24.4,66.73,1286.55,15.95,1.95,26.94,18.04,9.78,13.01,15.44,18.65,7.13,22.3,18.25,31.28,6.55,3.68,47.13,20.22,96.63,49.26,78.93,1.76
Canterbury,1532.96,6.36,6.14,471.1,2.87,1.87,14.26,14.35,20.68,29.54,38.81,73.36,539.94,14.51,1.92,45.36,13.69,7.52,10.54,18.31,27.88,6.39,26.62,18.03,20.48,5.84,13.37,46.03,19.61,89.23,48.01,81.71,2.3
Carlisle,1686.49,5.49,7.23,411.9,4.74,2.29,14.33,15.36,16.56,28.73,30.94,66.08,104.42,16.7,2.49,45.35,16.49,8.76,12.11,14.54,23.15,7.97,22.92,18.27,30.95,6.57,4.32,49.44,18.88,96.81,48.97,80.13,2.89
Castle Point,1500.57,7.56,6.52,494.9,3.65,2.63,14.4,18.58,19.58,29.36,31.11,65.2,2008.58,14.77,2.05,34.31,19.82,11.33,14.1,14.13,15.34,8.34,24.69,23.21,25.22,6.4,3.54,51.9,17.73,94.86,48.4,80.77,1.94
Central Bedfordshire,1634.43,7.59,6.96,568.1,2.87,1.7,12.73,13.83,26.19,30.36,33.58,68.52,410.94,13.49,1.63,20.04,12.1,8.38,11.86,14.65,26.73,6.75,30.81,20.21,20.99,4.28,4.17,44.81,14.96,90.24,49.32,84.86,2.65
Charnwood,1474.04,8.24,6.23,485.1,2.68,1.64,3.76,13.62,23.57,21.21,34.57,68.1,675.19,13.36,1.71,32.11,13.11,7.53,10.31,18.34,27.12,6.81,26.78,16.84,22.92,5.26,11.41,43.6,16.39,82.33,50.03,83.64,2.24
Chelmsford,1155.6,7.46,6.55,539.9,2.62,1.32,11.39,13.74,17.33,26.22,35.19,70.94,529.99,12.41,1.66,40.43,12.34,8.44,12.4,14.28,27.59,6.34,32.87,19.9,19.21,4.75,4.65,45.58,14.43,88.53,49.05,85.39,2.39
Cheltenham,1523.29,7.37,6.93,541.6,2.97,1.66,13.09,12.28,24.46,21.03,35.64,69.59,2489.46,13.77,1.8,36.87,11.09,6.6,10.38,13.37,35.71,5.67,33.11,18.28,20.39,4.71,6.33,44.49,15.95,91.35,48.88,84.29,2.4
Cherwell,1338.16,7.32,6.41,526.8,2.52,1.45,11.44,13.03,26.7,24.48,35.23,68.63,257.9,15.23,1.84,33.16,13.01,8.53,11.28,13.03,28.47,6.78,29.54,18.2,25.27,4.24,3.85,43.77,14.53,88.09,49.62,85.12,2.55
Cheshire East,1564.21,7.4,6.83,483.7,3.44,1.8,13.89,15.66,20.72,21.1,35.4,67.28,331.51,12.82,2.27,29.21,12.42,7.16,11.31,13.89,31.04,6.8,32.58,18.76,22.16,5.12,4.01,50.67,17.01,94.43,49.04,83.15,2.28
Cheshire West and Chester,1565.22,7.1,7.17,497.9,3.49,2.14,8.08,15.26,18.13,27.48,33.33,64.85,375.08,13.68,2.07,42.17,13.1,7.69,11.33,14.69,29.51,6.39,29.86,17.48,24.34,5.82,5.21,48.72,18.45,95.3,48.81,82.08,2.41
Chesterfield,2116.46,6.82,7.94,430.3,3.99,2.68,12.3,18.14,17.65,33.3,29.01,69.62,1589,16.97,2.37,43.8,16.78,9.06,12.6,14.92,22.26,7.42,23.92,17.69,30.84,6.9,3.7,49.84,23.02,95.46,49.13,76.28,2.27
Chichester,1420.18,6.65,7.12,480.5,3.77,1.85,13.95,16.06,21.45,21.86,43.9,71.06,154.54,13.32,2.48,23.89,12.52,7.47,11.57,14.98,31.43,6.43,32.78,21.64,19.71,4.83,5.46,54.43,16.91,95.44,47.97,83.31,3.08
Chorley,1955.97,7.22,7.53,493,3.74,2.23,12.44,15.7,23.47,24.98,31.14,70.46,586.15,14.48,2,32.08,13.1,7.65,11.44,14.66,27.7,7.3,29.68,18.59,24.1,5.58,3.91,48.49,18.52,95.63,49.85,81.92,2.18
Colchester,1347.89,7.16,6.41,462.4,2.59,1.54,13.85,12.99,21.99,27.24,33.05,68.86,599.24,15.07,1.48,48.09,12.48,8.37,12.04,15.78,26.15,6.31,28.24,18.2,21.75,5.19,7.76,42.42,16.93,87.02,48.92,83.93,2.36
Copeland,1969.84,4.43,8.03,614.8,4.97,2.98,13.96,17.33,19.8,29.04,32.56,65.61,92.99,15.35,2.74,36.63,17.73,8.39,11.6,15.31,21.68,8.78,24.08,15.34,32.79,8.15,3.15,52.7,21.09,97.97,49.86,77.66,3.07
Cornwall,1455.54,5.82,7.54,402.7,4.38,2.33,20.26,16.14,18.62,26.66,39.52,72.51,161.67,16.49,2.9,25.82,13.66,8.36,12.69,15.77,25.58,7.65,24.76,22,26.85,5.28,4.81,53.16,21.14,96.81,48.5,79.26,2.57
Cotswold,1159.46,6.68,7.32,469.6,3.37,1.67,16.8,15.39,18.9,18.33,48.37,78.4,77.51,11.64,2.16,20.02,11.49,7.45,11.71,13.84,33.44,6.08,33.76,21.94,20.33,3.9,4.08,55.42,15.39,96.34,48.19,84.58,3.13
County Durham,2071.87,5.8,7.56,457.1,4.3,3.09,11.18,17.16,19.43,34.2,34.12,66.74,239.5,15.36,2.45,40.5,17.39,7.92,11.82,16.55,22.22,7.21,22.01,16.14,29.14,9.03,6.81,48.94,22.95,96.82,48.9,76.86,2.45
Coventry,2424.81,7.63,5.65,490.6,2.12,1.49,12.36,12.04,26.58,25.7,27.31,58.4,3846.01,16.44,1.4,49.16,15.54,7.98,10.11,15.21,24.53,6.81,20.55,14.61,25.08,8.01,11.93,37.05,16.57,65.52,49.86,82.18,1.81
Craven,1974.62,4.91,8.77,396.3,3.98,1.95,15.55,18.59,15.36,24.47,40.77,68.77,48.7,11.23,2.73,26.25,12.35,7.48,11.25,14.5,31.91,7.31,31.73,22.62,22.63,4.42,3.41,57.68,17.11,96.87,48.51,82.92,3.82
Crawley,1666.09,7.26,6.41,507,2.75,1.51,13.44,12.81,20.13,30.33,28.88,58.23,2501.05,16.76,1.41,43.21,14.08,10.48,12.88,12.96,21.75,6.81,22.65,18.43,27.06,6.15,4.67,37.58,14.94,73.37,49.79,84.06,1.8
Croydon,1536.76,8.08,5.13,599.9,2.15,1.17,16.89,12.42,16.64,26.35,31.43,61.94,4491.08,14.81,1.31,32.75,12.77,7.26,9.79,11.65,32.59,5.38,28.64,18.75,18.21,7.61,6.25,38.97,14.04,48.37,48.02,84.65,1.42
Dacorum,1455.59,7.77,5.99,527.7,2.68,1.52,11.83,13.66,23.99,22.65,33.89,70.76,731.65,13.33,1.55,22.48,11.71,8.06,11.35,12.8,30.14,5.76,31.91,19.82,19.26,4.62,4.21,44.07,15.17,86.79,49.09,85.04,2.93
Darlington,2229.22,6.14,7.13,474,3.51,2.57,14.96,16.32,27.51,30,28.04,65.39,543.88,16.91,2.28,47.51,15.74,7.68,11.81,14.97,23.67,7.86,24.37,16.87,27.84,8.34,4.3,47.85,19.58,94.37,48.86,79.85,2.17
Dartford,1815.5,7.83,5.19,573.8,2.3,1.64,17.57,14.52,22.86,23.65,26.23,67.74,1567.31,15.29,1.57,50.66,12.61,8.57,11.86,13.01,25.15,6.49,27.35,19.12,21.5,5.28,4.43,37.83,14.02,74.46,48.95,85.49,1.91
Derby,2195.08,7.68,6.51,479.4,2.92,1.73,14.48,12.84,22.03,25.42,29.05,63.38,3291.17,17.97,1.73,56.66,16.12,8.26,10.6,13.86,23.76,7.43,22.16,15.01,27.47,8.17,7.22,40.53,18.76,73.79,49.55,80.49,1.56
Derbyshire Dales,1458.6,6.23,7.56,422.4,3.75,1.83,13.57,17.82,20.93,24.6,41.11,74.68,91.39,10.57,2.48,20.19,13.4,7.41,11.35,13.4,33.46,6.33,32.48,21.55,23.18,4.51,3.62,59.45,18.42,97.77,48.84,82.03,3.24
Doncaster,1786.25,6.66,7.22,460,3.22,2.88,13.09,15.41,24.65,36.41,29.07,62.32,550.69,19.3,2.05,50.34,20.06,9.32,12.3,13.5,18.48,7.78,19.71,16.57,32.54,8.76,3.87,46.06,20.26,93.14,49.6,78.42,2.13
Dorset,1515.12,6.5,7.98,456.5,4.73,2.38,11.92,18.19,22.27,23.96,36.91,73.84,152.45,12.97,2.8,28.72,13.39,8.84,12.72,14.99,26.69,8.19,30.02,22.29,24.17,4.75,3.57,57.81,19.78,97.06,48.58,80.68,2.72
Dover,1584.8,6.25,6.33,483.4,3.43,2.8,13.63,16.74,15.7,36.13,29.64,71.3,376.41,17.92,2.19,51.21,16.07,9.23,12.8,14.79,22.29,7.4,25.21,19.82,26.56,7.04,3.96,51.28,21.17,94.85,48.79,79.17,2.51
Dudley,1725.11,7.69,7.23,477.4,4.02,2.27,12.21,17.18,22.08,34.86,27.28,60.23,3290.88,16.57,1.98,45.73,18.72,8.8,12.2,13.93,20.28,7.21,22.66,18.07,28.04,7.78,4.59,46.53,19.34,84.89,49.16,79.28,1.63
Ealing,2405.41,8.64,5.38,574.5,2.43,0.88,11.4,12.57,26.37,20.24,29.8,67.19,6129.51,13.8,1.07,31.36,14.42,6.49,7.48,10.33,35.68,6.06,27.06,16.96,18.95,9.8,7.69,36.82,12.21,43.16,49.28,85.24,1.26
East Cambridgeshire,1453.17,6.54,7.64,538.2,3.35,1.99,12.89,14.86,20.41,22.68,37.21,68.62,138.45,14.46,1.73,18.93,13.47,7.97,10.98,13.37,28.49,7.1,31.17,19.79,22.56,4.24,3.64,48.34,16.14,94.47,49.05,83.47,2.51
East Devon,1424.62,6.21,8.21,446.9,4.36,2.15,9.83,18.78,22.46,20.4,45.29,75.23,181.84,11.85,2.93,20.03,12.73,8.39,12.6,14.4,28.58,7.75,30.42,23.17,23.17,4.34,3.35,57.03,19.5,97.36,48.15,81.45,2.45
East Hampshire,1482.78,7.1,7.01,550.2,3.19,1.58,12.56,15.27,13.8,18.91,42.75,75,240.72,12.3,2.15,24.3,10.82,7.22,11.97,14.69,31.98,5.9,34.68,20.64,19.19,3.98,4.08,52.23,15.57,95.43,48.52,85.07,2.69
East Hertfordshire,1290.06,7.7,6.83,582.4,2.66,1.3,16.63,13.3,16.44,16.82,40.38,73.54,319.09,11.89,1.68,19.13,11.16,7.6,11.59,13.58,31.12,5.64,35,20.29,17.22,3.91,4.25,46.42,13.63,92.29,48.95,86.52,3.03
East Lindsey,1680.88,6.21,8.44,398.1,5.35,3.28,17.05,20.47,14.56,25.46,43.56,63.3,80.69,16.72,3.12,36.64,21.53,9.79,12.93,14.1,18.37,8.61,21.54,20.76,31.36,8.49,3.18,59.39,24.96,97.75,48.86,73.6,2.41
East Riding of Yorkshire,1518.77,6.33,7.36,460,4.69,2.45,14.29,18.2,13.86,27.78,37.91,68.14,142.54,12.66,2.41,24.93,15.33,8.45,11.85,14.49,25.67,8.39,27.98,19.6,26.52,6.23,3.86,55.42,18.58,97.35,49.05,80.26,2.57
East Staffordshire,2021.1,6.75,6.51,448.6,3.07,1.76,14.8,14.02,25.68,31.22,27.39,70.23,312.49,15.91,1.72,28.15,16.31,8.68,11.77,13.77,23.24,7.27,23.3,16.63,30.17,6.53,4.42,45.3,16.88,86.32,50.02,82.01,2.38
East Suffolk,1527.02,6.82,7.53,441,4.25,2.39,14.26,17.91,14.27,25.68,36.66,73.21,198.51,15.32,2.5,30.49,16.3,9.47,12.61,14.22,23.15,8.26,26.42,20.59,27.65,5.73,3.63,55.67,20.62,96.17,48.7,79.29,2.7
Eastbourne,1822,6.45,6.96,442.6,3.51,2.15,13.38,16.47,15.27,25.65,34.57,66.81,2339.82,15.96,2.49,41.13,15.31,9.22,12.19,14.2,24.79,7.46,25.88,20.2,25.37,6.74,4.99,50.68,21.56,90.82,47.73,78.48,2.16
Eastleigh,2417.21,7.69,6.86,533.2,2.8,1.41,12.09,14.59,23.28,32.74,32.75,69.03,1698.72,12.24,1.92,30.09,11.11,8.22,12.02,15.4,26.78,7.35,31.25,19.21,22.37,4.2,3.83,45.77,16.03,92.41,48.88,84.56,2.09
Eden,1180.2,4.49,7.18,406.2,4.35,1.82,8.77,17.42,22.07,16.16,43.8,72.19,25.09,12.52,2.61,24.91,14.77,8.49,12.15,14.35,27.74,7.7,26.19,23.49,27.04,5.19,3.29,57.2,16.86,98.11,49.59,82.3,3.99
Elmbridge,1391.34,8.08,5.05,622,2.23,1,11.12,11.44,14.3,18.44,40.75,78.6,1443.45,9.8,1.54,21.53,8.47,5.08,8.97,10.67,40.85,4.36,39.58,18.25,11.9,4.14,4.53,46.21,11.94,86.12,48.3,88.44,2.98
Enfield,1610.53,8.53,4.92,502.6,2.22,1.07,9.65,12.8,25.74,21.19,27.98,62.71,4127.05,16.67,1.17,30.44,17.52,7.32,8.79,10.45,28.3,5.57,23.18,18.06,19.58,10.06,7.05,38.96,13.6,52.09,47.73,83.65,1.54
Epping Forest,1312.95,7.91,5.85,541.5,2.91,1.61,12.94,14.19,15.1,25.34,34.31,67.85,389.91,14.36,1.69,33.81,15.36,8.44,11.94,13.02,26.4,6.29,30.78,22.91,17.32,5.93,4.51,46.73,14.09,84.06,48.59,84.67,2.16
Epsom and Ewell,1286.73,8.09,5.97,536.2,2.52,1.22,9.63,13.32,21.98,19.91,32.63,68.99,2377.34,10.89,1.63,24.19,10.19,6.31,10.1,12.49,35.39,5.34,36.03,19.29,14.48,4.63,5.41,45.04,12.81,79.46,48.43,86.92,2.52
Erewash,1948.16,7.75,7.39,517,3.4,2.34,13,16.46,22.9,29.06,34.5,66.94,1052.02,15.96,2.16,32.24,16.41,9.25,12.42,15.09,21.44,8.23,24.96,17.91,30.22,6.03,3.72,48.92,19.59,95.45,49.11,79.69,2.29
Exeter,2028.12,6.64,6.15,443,2.54,1.61,9.79,11.8,26.22,20.24,39.03,75.67,2835.2,13.99,1.64,35.08,11.54,6.96,9.74,21.36,29.54,6.04,26.07,15.91,21.72,4.4,17.08,38.64,18.19,90.3,48.71,83.81,2.21
Fareham,1542.54,7.54,7.26,564,3.62,1.79,10.08,17.45,21,30.22,36.57,67.4,1567.21,11.09,2.27,27.39,11.57,8.19,12.18,16.09,27.87,7.62,34.26,20.17,20.94,4.44,3.72,52.88,16.81,95.62,48.72,83.57,1.96
Fenland,1711.24,6.66,7.31,448.9,3.82,2.87,12.94,16.6,27.19,40.07,29.23,59.59,186.81,20.88,2.09,33.32,21.36,10.68,13.03,13.51,15.76,8.45,19.98,19.02,33.23,7.28,3.29,49.95,20.34,95.92,48.99,77.76,2.01
Folkestone & Hythe,1609.45,6.21,6.71,484.2,3.69,2.59,12.56,17.52,16.49,29.1,31.83,62.69,317.69,16.97,2.28,46.49,16.18,9.7,12.39,14.39,22.84,7.92,26.2,20.84,25.08,7.49,3.8,52.88,21.83,92.58,48.81,78.2,1.99
Forest of Dean,1294.91,6.66,7.59,465,4.03,2.21,11.89,17.26,18.26,24.04,34.35,67.83,165.44,14.46,2.44,25.49,15.43,8.79,13.13,14.78,24.16,7.66,25.62,21.35,26.61,5.84,4.53,53.74,19.17,97.54,48.92,80.34,2.85
Fylde,1924.45,6.54,7.46,506.5,4.81,2.72,10.51,19.31,16.91,23.68,33.11,68.85,490.14,12.4,2.79,25.53,13.66,7.87,11.8,14.81,29.33,7.61,32.34,21.45,21.36,6.05,3.89,57.03,20.46,96.26,48.98,79.69,2.48
Gateshead,2562.3,6.92,7.52,443.2,3.69,2.89,12.9,16.39,21.84,32.7,25.33,61.23,1418.71,16.25,2.4,37.87,17.83,8.17,11.36,13.99,23.07,8.05,23.51,16.03,28.57,9.41,4.94,47.19,21.69,93.54,49.04,77.28,1.95
Gedling,1729.11,7.51,7.52,458.1,3.36,1.85,13.16,15.08,19.57,23.03,34.76,68.16,985.52,14.17,2.17,19,14.5,7.96,11.36,15.06,26.2,7.17,28.91,19.36,24.26,5.62,4.11,49.01,18.81,89.47,48.51,80.87,1.94
Gloucester,1653.97,7.75,7.02,461.2,2.85,1.87,10.76,13.45,19.83,31.93,29.17,67.97,3199.78,18.41,1.7,53.6,14.71,9.32,12.33,15.08,22.12,7.2,23.81,17.63,27.81,6.09,5.41,42.4,17.42,84.93,49.47,82.03,2.33
Gosport,1756.15,7.57,7.19,486.1,3.7,2.43,11.94,16.89,26.71,34.61,33.57,67.63,3344.23,17.76,2.18,44.25,14.27,10.38,13.01,16.26,20.31,7.78,25.39,18.42,28.58,5.82,3.81,48.53,20.39,95.34,48.94,79.72,1.93
Gravesham,1850.06,7.42,5.03,526.5,2.42,1.47,14.67,13.02,26.25,29.13,32.2,61.51,1079.49,16.42,1.54,50.66,16.08,9.43,12.02,13.06,21.12,7.39,23.03,19.02,25.49,6.97,4.59,42.63,16.38,76.61,48.86,82.72,2.38
Great Yarmouth,1924.53,6.76,7.64,416.8,3.85,3.18,14.78,17.53,23,39.07,32.68,62.52,569.49,21.53,2.35,59.8,21.98,10.77,12.97,13.24,15.13,8.84,18.44,18.2,33.88,8.42,4,51.14,22.61,94.6,49.02,76.11,2.06
Greenwich,1616.62,8.45,4.84,605.4,1.84,1.4,13.12,11.91,22.89,21.02,29.67,61.4,6105,15.91,1.14,36.15,13.26,6.35,8.21,10.43,36.3,4.93,29.25,15.64,19.13,8.19,7.26,33.71,14.38,55.7,48.6,84.7,1.47
Guildford,1704.84,7.65,5.75,616.1,2.13,1.08,14.3,11.51,19.53,20.3,33.15,72.36,554.94,10.8,1.27,24.88,9.43,6.02,9.42,16.4,36.63,5.2,34.75,18.01,15.07,3.74,11.53,43.13,13.59,86.87,49.23,87.27,2.59
Hackney,2037.41,9.4,4.78,555.8,1.51,1.06,18.04,8.78,21.23,20.19,32.71,71.94,14737.12,18.65,0.89,32.4,13.52,4.93,6.73,9.33,42.34,3.97,33.69,14.22,15.7,9.56,7.66,28.55,14.29,53.14,47.79,85.07,0.73
Halton,2146.65,7.3,7.64,464.6,4.18,2.92,13.6,15.95,29.15,35.98,23.72,63.1,1640.54,17.45,2,52.85,17.02,9.6,13.55,14.83,19.36,6.55,21.54,16.64,30.26,8.09,4.38,45.69,22.09,96.5,48.98,78.24,2.26
Hambleton,1401.68,5.12,6.99,442.9,4.05,2.03,16.82,17.92,16.65,21.1,41.99,67.8,70.11,10.64,3,26.25,12.89,7.5,11.38,14.56,31.06,7.5,32.12,21.69,22.55,5.03,3.51,56.94,17.3,97.88,48.77,82.85,3.03
Hammersmith and Fulham,2367.25,9.11,4.08,713.2,1.14,0.8,12.74,6.86,24.55,16.79,31.57,74.3,11188.98,14.31,0.78,33.25,10.01,4.31,6.22,11.01,48.62,4.26,38.64,14.77,14.48,7.5,9.03,33.11,12.54,63.16,46.92,86.98,1.28
Harborough,1332.4,7.14,6.81,534.1,2.94,1.6,14.16,15.38,17.43,23.61,39.64,68.68,161.44,11.07,2.02,21.78,11.2,7.41,11.52,14.24,31.13,6.89,34.36,20.45,19.34,3.87,4.37,51.01,15.07,91.01,49.53,85.02,2.26
Haringey,1675.76,8.9,4.57,541.2,1.59,0.9,13.31,10.46,34.36,16.98,36.7,68.28,9002.04,19.21,0.97,34.36,15.11,5.58,6.96,9.56,39.46,5.08,30,16.45,18.7,9.22,7.38,35.33,13.67,56.99,48.16,84.77,1.17
Harlow,1793.17,8.02,6.38,471.9,2.69,1.85,12.66,14.04,20.92,30.33,25.41,60.46,2858.13,19.67,1.45,60.87,16.46,10.5,12.45,13,19.14,6.77,21.71,18.58,27.48,6.15,4.41,38.66,16.31,82.73,48.65,82.15,2.14
Harrogate,1500.79,5.49,6.87,484.7,3.76,1.85,10.82,15.81,18.06,20.47,33.94,73.34,123.51,11.41,2.22,26.25,11.44,6.95,11.55,13.45,33.23,6.57,34.04,20.14,20.19,4.22,4.59,52.59,15.95,95.44,48.97,84.46,3.16
Harrow,1837.15,8.38,5.36,574.9,2.73,0.86,13.48,13.28,22.82,16.91,25.66,62.05,4999.85,11.97,1.35,22.71,13.96,6.57,8.37,10.12,36.11,5.14,28.34,20.5,15.56,8.68,7.17,39.34,11.97,36.46,49.31,85.43,1.36
Hart,1132.91,7.4,6.98,553.3,2.84,1.34,12.25,14.64,21.02,20.39,38.34,75.04,453.43,9.62,1.73,32.69,8.79,7.11,11.38,14.41,33.42,5.71,38.06,19.56,15.71,3.44,4.03,47.75,12.93,92.5,49.44,87.78,2.56
Hartlepool,2497.29,6.03,7.44,477,4.22,3.46,10.25,17.09,17.31,35.36,24.77,59.49,999.73,19.4,2.22,53.17,18.72,7.66,11.87,14.92,20.06,7.64,19.41,14.99,30.16,11.4,4.91,47.28,22.9,96.46,48.39,76.42,2.35
Hastings,2065.15,6.49,6.31,470.5,3.47,2.88,11.61,15.75,22.35,25.34,32.61,67.14,3113.78,21.57,2.23,46.56,16.53,9.22,12.37,14.03,23.47,6.48,23.67,21.03,25.51,7.7,4.19,48.39,22.56,91.43,48.51,77.21,1.29
Havant,1700.7,7.64,7.84,460,3.93,2.61,10.19,17.26,22.12,29.61,34.32,63.32,2281.74,16.57,2.45,46,16.5,9.37,12.65,14.72,21.95,7.62,26.37,19.94,26.38,6.48,3.65,51.67,19.9,95.91,48.29,79.88,1.68
Havering,1426.65,7.81,5.31,574.9,2.45,1.77,15.86,14.24,17.88,24.91,31.04,61.16,2319.71,14.13,1.59,24.42,16.01,8.95,11.92,13.02,23.63,6.51,26.09,21.95,20.43,6.58,5,42.52,14.67,75.3,48.23,83.87,1.42
Herefordshire,1461.98,6.14,6.78,420.8,3.55,2.4,14.8,16.55,17.68,29.32,40.69,71.24,88.83,15.15,2.49,32.24,15.14,8.01,11.86,14.21,27.49,7.3,27.63,21.67,25.78,5.21,3.71,54.27,18.62,96.91,49.11,80.83,3.06
Hertsmere,1541.56,8.32,5.66,516.9,2.88,1.48,13.84,13.15,27.53,22.16,35.37,64.77,1042.62,13.59,1.6,25.36,12.78,7.35,10.57,11.82,31.66,5.77,31.53,21.03,16.33,5.38,5.67,44.2,13.98,77.11,48.04,85.36,3.12
High Peak,1644.35,6.74,7.96,467.5,3.92,2.41,15.6,16.37,20.07,23.76,36.6,72.45,171.81,14.02,2.55,30.78,12.43,7.77,11.45,15.12,29.61,6.83,29.68,18.83,25.8,5,3.89,52.06,18.4,97.45,49.14,81.8,2.25
Hillingdon,1737.36,8.31,5.35,574.9,2.38,1.23,10.69,12.43,27.96,22.68,27.39,64.94,2670.85,13.76,1.27,27.4,14.35,7.8,9.32,11.71,29.64,6.24,25.47,17.89,19.83,8.29,7.6,37.38,12.9,48.18,49.38,85.22,1.81
Hinckley and Bosworth,1396.63,7.82,7.46,466.7,3.06,1.87,13.57,16.41,21.29,25.4,35.46,68.11,382.26,14.06,2.07,27.26,15.14,8.82,11.95,14.87,24.31,7.54,28.45,19.4,26.11,4.97,3.72,50.05,17.53,94.32,49.31,82.11,2.58
Horsham,1168.43,6.76,6.68,501.1,3.27,1.46,13.42,14.91,16.54,16.1,37.9,72.6,274.34,10.6,2.01,19.61,10.27,7.77,12.81,14.9,30.4,6.05,35.38,21.24,17.8,3.86,3.94,51.07,14.85,93.64,48.8,85.42,2.81
Hounslow,2092.98,8.48,4.56,547,2.28,0.96,15.73,11.63,26.65,23.43,24.41,61.14,4854.18,14.32,1.1,32.87,14.79,7.52,8.12,9.73,32.99,6.2,24.98,17.3,21.36,9.01,6.71,35.91,12.25,44.1,49.69,85.34,1.72
Huntingdonshire,1469.2,7.1,7.16,529.4,3.18,2.02,16,14.8,16.45,26.99,33.49,67.58,197.52,13.79,1.77,24.91,12.83,8.73,11.95,14.39,27.42,6.67,31.64,19.43,22.78,4.5,3.63,47.74,16.36,92.42,49.59,83.58,2.3
Hyndburn,2312.79,6.33,7.69,402.5,4.06,2.41,16.82,15.74,23.29,27.49,27.17,60.49,1111.51,20.08,2.12,49.45,18.18,8.32,11.33,14.02,20.08,7.87,19.39,16.93,29.2,9.18,5.11,44.11,20.82,82.67,49.22,78.23,1.95
Ipswich,1818.03,7.73,6.46,455.8,2.97,1.64,14.49,13.37,28.7,32.98,33,67.13,3449.97,18.73,1.7,47.77,17.37,9.62,11.53,13.06,20.98,7.53,22.42,16.97,29.13,6.64,4.93,40.93,18.02,84.33,49.64,81.41,1.9
Isle of Wight,1869.05,6.52,7.94,406.7,3.88,2.56,14.03,18.43,18.97,21.49,38.82,70.11,374.3,16.8,2.72,41.79,15.71,9.51,12.46,15.27,23.34,8.86,25.07,22.06,28.12,6.42,3.47,57.55,23.32,96.98,48.48,76.83,2.37
Islington,2126.15,9.42,4.96,663.7,1.3,1.35,17.43,7.98,27.76,17.28,42.99,71.8,16697.4,16.96,0.9,30.9,11.66,4.74,6.07,10.31,48.01,3.99,38.86,13.22,14.69,8.6,9.42,30.68,16.19,62.22,47.69,84.08,1.14
Kensington and Chelsea,1747.02,9.37,3.39,760.8,1.56,1.02,15.45,8.1,22.67,11.58,40.6,63.38,12932.44,14.58,1.04,30.41,9.74,3.8,6.14,10.77,51.07,4.33,39.52,15.24,12.42,9,9.67,41.95,12.77,63.75,46.77,86.32,1.31
King's Lynn and West Norfolk,1788.14,6.14,7.68,440,4.14,2.52,15,17.87,21.08,29.34,30.77,59.74,105.86,17.38,2.7,32.8,19.53,10.11,12.64,13.72,19.46,8.07,23.05,20.35,30.58,6.41,3.12,52.94,20.23,95.62,48.83,78.65,2.4
Kingston upon Hull,1994.97,7.61,6.48,421.8,3.47,2.99,15.98,14.19,26.44,39.38,26.86,58.7,3626.72,22.62,1.55,63.23,20.23,9.05,11.29,14.01,17.42,8.1,15.85,13.54,34.46,9.65,6.6,39.9,20,91.75,49.9,78.25,2.06
Kingston upon Thames,1755.44,8.26,4.95,665.8,1.99,1.08,13.7,10.29,19.7,18.48,35,73.52,4809.58,13.23,1.11,24.31,9.6,5.2,7.92,11.76,41.4,4.72,35.73,17.24,13.96,5.66,8.02,39.89,13.08,68.33,48.21,86.68,1.85
Kirklees,1609.41,6.91,7.52,450.4,3.3,2.03,16.62,14.58,19.68,22.47,31.64,67.86,1080.01,16.95,1.89,50.05,16.58,7.8,10.64,13.89,23.9,7.12,23.84,16.86,24.49,8.42,6.33,43.6,17.45,73.63,49.02,81.06,1.88
Knowsley,2246.11,8.05,6.81,484.6,3.97,3.59,11.13,15.37,23.06,33.16,22.01,61.73,1763.08,18.93,1.9,49.2,21.1,8.54,11.58,13.86,19.14,6.22,19.22,17.34,29.02,10.31,4.56,44.01,22.64,95.29,47.79,77.43,1.76
Lambeth,1951.44,9.11,4.64,670.7,1.16,0.88,13.85,9.19,23.75,14.24,36.88,69.68,11998.37,16.39,0.91,34.86,11.08,5.12,6.62,10.05,47.63,4.17,38.34,14.54,17.21,7.15,7.42,31.33,13.23,55.02,48.46,86.49,0.89
Lancaster,1821.73,5.94,7.09,435.1,3.53,2.37,15.65,13.73,23.11,22,35.55,76.26,257.22,14.9,2.18,35.49,13.21,7.21,10.49,18.93,27.05,6.81,24.46,16.77,24.88,6.03,11.57,45.7,20.19,93.09,48.93,80.67,2.38
Leeds,1441.66,7.19,6.32,493.1,2.71,1.96,16.02,12.69,24.64,27.27,29.28,69.06,1447.8,16.72,1.72,57.54,14.73,7.41,9.75,14.88,28.12,6.2,26.31,16.07,22.05,7.04,9.62,38.87,16.71,79.04,48.82,82.81,2.09
Leicester,1726.27,8.33,5.17,412,2.33,1.32,16.11,12.22,34.93,24.48,27.03,57.02,4828.98,16.25,1.23,57.95,21.08,8.45,9.21,12.71,21.14,6.36,14.95,12.65,28.94,10.61,11.81,33.82,15.51,40.88,49.41,82.25,1.41
Lewes,1085.8,6.27,7.31,532.1,3.77,2.19,15.65,16.7,24.03,21.46,39.38,75.5,354.45,13.96,2.49,23.39,13.38,8.51,11.85,13.81,29.01,6.75,30.67,22.09,21.09,5.3,4.16,54.5,20.36,94.19,48.16,80.34,2.32
Lewisham,1725.87,8.72,5.45,570.1,1.59,1.24,12.91,10.84,20.81,19.7,38.64,74.01,8687.03,17.09,1.12,30.43,11.79,5.9,7.79,10.49,40.2,4.47,32.34,15.39,17.94,7.71,7.28,33.78,14.39,51.49,47.49,85.16,0.95
Lichfield,1673.5,6.85,7.15,549.4,3.64,1.82,13.93,15.89,18.24,20.39,35.27,69.87,318.86,11.89,2.01,21.28,14.2,8.39,11.73,14.32,27.99,6.61,31.87,19.01,23,5.43,3.91,51.85,17.8,94.81,49.27,81.93,2.39
Lincoln,1639.64,6.82,6.29,418.8,2.73,1.85,15.8,12.13,32.31,37.16,26.89,68.77,2803.44,19.37,1.65,56.95,14.58,8.15,10.74,21.44,22.1,6.86,19.29,14.47,28.16,6.56,15.38,36.24,20.54,92.15,49.51,80.63,1.89
Liverpool,2377.98,7.73,6.14,480.1,3.13,3.05,16.89,13.38,25.77,28.03,26.32,64.94,4474.77,18.62,1.75,59.86,18.53,7.19,9.49,16.64,25.54,5.52,20.79,15.11,24.22,10.52,12.27,38.73,21.8,84.03,48.68,78.62,1.43
Luton,2024.22,8.22,5.78,468.9,2.46,1.28,15.17,12.18,27.19,27.31,24.58,56.39,4925.3,17.1,1.3,37.25,17.53,8.72,9.74,11.02,22.88,6.77,17.63,16.59,24.33,10.08,8.03,34.01,13.73,45.19,50.09,83.24,1.66
Maidstone,1416.36,7.06,6.16,543,2.71,1.77,13.02,14.58,28.02,23.41,35.79,71.56,440.17,14.86,1.83,46.91,14.1,8.82,12.35,14.17,24.2,7.22,28.69,20.44,22.47,5.31,3.95,45.27,15.94,89.81,49.47,83.78,2.22
Maldon,1106.14,6.86,7.51,510.4,3.43,1.87,11.54,17.07,15.44,22.75,33.32,74.14,182.29,14.34,2.09,29.78,16.12,10.19,13.47,14.8,21.27,7.87,29.11,22.98,22.81,5.32,3.5,54.46,17.35,96.86,48.92,82.12,2.52
Malvern Hills,1504.01,6.38,6.82,479.1,3.67,2.05,13.63,18.56,24.26,21.58,33.49,74.85,137.67,12.22,2.7,31.8,12.3,7.27,11.8,13.56,32.74,6.77,33.05,21.62,20.74,4.85,4.19,57.23,19.05,96.6,48.61,81.35,3.16
Manchester,2363.98,7.86,6.02,448.8,2.17,1.86,14.89,9.89,31.02,25.36,27.66,63.62,4805.58,18.05,1.23,63.6,15.6,6.34,8.18,14.43,29.85,4.95,21.24,13.29,20.5,10.4,13.92,29.34,17.53,56.82,49.65,82.26,1.34
Mansfield,2184.17,7.08,6.67,417.4,3.69,2.57,12.14,15.13,24.48,25.82,30.65,62.75,1425.39,19.41,1.88,42.16,19.83,9.54,11.96,14.35,18.01,7.92,19.64,16.21,34.44,7.71,3.61,46.34,22.01,94.78,49.23,77.05,1.88
Medway,1431.94,7.49,5.99,504.7,2.65,1.9,13.1,14.63,14.9,37.2,24.87,66.07,1453.61,17.38,1.35,60.34,15.43,9.61,12.66,14.3,20.37,7.24,23.43,19.38,25.05,6.63,5.14,41.92,17.36,84.26,49.01,82.06,1.72
Melton,1317.66,6.91,7.16,393.7,3.31,1.88,15.47,17.3,14.68,31.27,35.86,68.51,106.76,14.47,2.04,29.1,13.59,8.3,12.18,15.28,25.79,7.84,28.39,19.72,26.67,4.46,3.74,53.11,16.86,96.89,48.8,82.96,2.96
Mendip,1487.55,6.66,7.17,440.8,3.55,1.97,15.15,16.57,16.14,27.28,38.21,73.15,157.27,15.55,2.18,32.8,13.36,7.84,12.35,14.39,28.1,6.71,28.21,20.78,25.1,4.46,4.19,52.65,17.76,96.78,48.57,82.24,2.85
Merton,1567.3,8.46,4.66,574.9,1.88,0.99,13.08,10.69,24.92,19.98,32.97,66.76,5489.5,13.61,1.05,22.47,11.44,5.75,7.67,10.12,40.16,5.15,33.62,18.14,16.31,6.39,5.83,37.13,12.04,60.23,48.63,86.96,1.52
Mid Devon,1620.94,6.33,7.45,450.3,3.61,2.08,11.78,16,19.98,23.11,41.65,72.44,91.23,14.11,2.34,20.03,14.02,8.41,12.73,14.8,25.26,7.1,26.48,22.4,25.32,4.43,3.7,52.18,18.5,97.85,48.84,82,2.62
Mid Suffolk,1321.39,6.46,8.34,473.1,3.58,1.99,13.08,17.31,14.3,24.19,42.88,68.62,120.38,12.36,2.2,26.67,14.79,8.91,12.45,15.26,25.24,7.4,30.19,22.21,23.82,4.25,3.57,53.92,17.08,96.85,49.31,82.93,2.83
Mid Sussex,1035.82,6.86,7.07,540.7,3.11,1.41,10.98,14.69,26.21,20.6,37.1,78.05,455.48,10.62,2.12,17.76,9.48,7.54,12.13,14.59,31.26,5.84,35.54,20.41,17.33,3.54,4.01,48.16,14.46,92.24,48.55,86,2.89
Middlesbrough,2137.69,6.95,6.38,415.8,3.27,2.85,12,13.01,24.71,35.29,28.9,56.5,2622.47,18.7,1.9,72.57,18.96,7.8,10.61,13.88,20.93,6.99,17.39,13.99,27.63,12.13,8.03,40.95,20.51,82.37,49.25,78.92,1.89
Milton Keynes,1467.07,7.61,6.09,553,2.2,1.58,13.35,12.75,23.75,25.81,27.91,67.5,875.51,15.52,1.13,42.36,12.39,8.51,11.15,12.32,28.06,5.89,28.26,16.91,22.43,5.33,5.4,38.54,14.81,71.8,49.32,84.8,2.12
Mole Valley,1303.31,7.29,6.21,524.2,2.95,1.41,10.84,14.79,16.78,14.69,42.94,79.14,338.91,10.87,2.06,20.99,10.19,7.14,11.28,12.8,35.72,5.66,37.69,21.66,15.02,4.26,4.16,53.29,15.15,92.75,48.64,85.55,2.97
New Forest,2321.01,6.77,7.32,447.5,4.36,2.23,12.17,19.07,16.24,22.02,37.68,74.65,238.53,12.32,2.99,27.32,13.63,8.69,12.52,15,26.38,8.4,30.53,21.72,23.97,4.98,3.41,57.64,18.54,96.78,48.09,81.63,2.49
Newark and Sherwood,1747.58,7.09,6.81,449,3.81,2.09,12.82,16.23,21.68,32.13,35.62,68.31,189.04,15.06,2.4,25.08,15.82,8.6,12.13,14.97,24.06,7.36,26.26,18.12,27.9,6.44,4.19,50.5,19.9,96.27,49.2,79.72,2.75
Newcastle upon Tyne,2333.69,7.21,6.03,465,2.75,1.98,12.32,11.93,25.33,24.66,32.11,67.07,2704.76,16.33,1.74,46.72,15.4,6.57,8.63,17.58,28.68,5.92,22.95,13.39,21.46,9.37,15.62,36.72,18.98,79.97,49.42,80.58,1.84
Newcastle-under-Lyme,2213.87,6.68,6.89,484.9,3.47,2.58,10.05,16.73,22.11,27.5,31.71,62.22,614.39,14.78,2.42,29.3,16.78,8.1,11.4,16.38,23.47,7.55,24.15,17.34,28.38,6.06,7.75,48.48,20.77,92.88,49.03,79.25,2.13
Newham,1637.14,9.15,4.49,563.2,1.65,0.85,11.02,9.98,27.41,20.72,25.89,63.91,9807.58,15.7,0.76,31.78,16.28,7.1,8,10.19,31.66,5.44,20.5,16.14,20.16,11.92,9.96,27.76,11.97,30.75,49.94,84.71,0.8
North Devon,1401.95,6,8.13,415.8,4.56,2.25,13.28,15.47,17.65,26.38,40.56,72.48,90.39,14.71,2.86,24.27,14.8,9.23,12.92,14.81,23.79,7.8,24.57,22.85,27.21,5.15,3.56,53.98,19.57,96.99,48.69,80.41,2.31
North East Derbyshire,1736.38,6.75,7.4,474.1,4.19,2.59,11.17,18.14,14.93,37.22,30.57,68.87,370.88,12.82,2.68,27.4,16.73,8.92,12.12,15.03,23.05,7.75,26.45,19.42,28.09,6.11,3.53,53.3,21.32,97.42,48.76,77.88,2.13
North East Lincolnshire,1971.33,7.43,7.01,420,3.71,2.72,14.39,15.96,34.2,34.67,30.03,63.96,830.69,20.5,2.41,50.3,19.69,9.89,13.07,13.31,17.54,7.74,18.47,15.1,34.74,8.63,4.3,48.03,20.38,96.22,48.94,78.06,2.33
North Hertfordshire,1482.31,7.61,7.21,556.8,2.72,1.61,13.88,13.58,17.83,22.39,36.01,74.18,355.55,12.42,1.82,20.68,11,7.5,10.78,12.5,33.59,5.52,35.34,18.28,19.01,4.31,3.94,46.55,15.94,87.55,48.6,84.6,3.02
North Kesteven,1290.94,6.75,7.04,508.7,3.92,2.19,12.41,16.38,21.63,31.3,35.93,64.66,128.08,12.38,2.19,18.05,13.46,8.25,12.34,16.65,24.8,7.52,29.26,20.26,24.48,5.1,3.9,51.43,18.72,97.16,49,81.71,2.28
North Lincolnshire,1797.49,6.42,6.86,455.6,4.15,2.45,10.56,16.91,17.21,37.05,27.2,58.91,204.12,17.9,2.18,35.04,17.95,9.6,12.44,14.12,19.66,8.42,21.3,15.83,33.2,7.74,4.12,49.83,19.65,94.33,49.33,78.82,2.58
North Norfolk,1531.81,5.94,8.64,394.4,4.77,2.69,12.61,20.43,17.89,21.44,41.31,64.69,109.17,14.42,3.14,28.33,17.8,10.04,13.18,14.01,22.71,8.82,25.5,23.34,28.9,5.92,2.89,61.93,22.55,98.08,48.84,76.95,2.73
North Northamptonshire,1703.19,7.97,6.55,496.6,3.22,2.37,11.53,15.18,22.83,28.6,29.43,67.8,355.21,18.77,1.82,39.24,16.04,9.57,12.36,13.43,21.5,7.54,23.93,17.63,29.52,5.23,4.13,44.82,17.33,90.3,49.25,81.97,1.87
North Somerset,1706.33,6.72,7.29,473.5,3.64,2.09,10.18,16.25,26.7,22.99,34.18,71.77,576.73,14.31,2.51,31.89,12.28,7.94,12.22,14.94,27.91,7.1,30.55,19.52,23.65,4.49,4.17,51.12,18.7,95.71,48.59,81.45,2.38
North Tyneside,2544.48,7.14,7.56,485.1,3.97,2.55,13.43,15.84,18.82,35.83,28.66,64.05,2535.12,14.77,2.57,35.14,14.34,7.67,11.63,13.86,26.98,7.6,27.84,17.62,24.6,7.89,4.13,47.85,19.98,94.85,48.49,79.33,1.88
North Warwickshire,1543.98,6.99,6.42,510.2,3.02,2.13,10.32,16.02,20.46,31.24,30.87,68.83,230.25,14.84,2.09,28.36,18.38,9.56,12.71,14.58,20.58,7.06,24.94,19.28,28.83,6.08,3.74,50.84,18.52,96.13,49.07,80.24,3.35
North West Leicestershire,1643.3,7.57,7.66,488.2,3.06,1.97,13.35,15.49,19.84,32.43,31.67,66.09,375.22,14.82,1.94,32.81,15.1,8.18,11.59,15.45,24.66,7.31,27.69,17.83,27.38,4.86,4.53,48.07,17.51,95.94,49.31,82.16,2.41
Northumberland,2255.75,5.08,8.09,448.7,4.53,2.74,13.76,17.91,23.12,26.1,34.68,70.12,64.6,13.2,2.78,32.68,15.03,8.13,12.13,14.88,25.78,7.93,26.8,18.97,26.55,8,3.56,54.58,20.96,97.65,48.84,78.35,3
Norwich,1735.78,7.28,7.3,500,2.46,1.85,13,11.23,28.66,21.22,31.87,77.34,3643.14,18.38,1.69,62.81,14.33,7.75,10.04,17.49,28.63,5.68,24,15.08,25.33,6.32,13.18,36.26,20.86,87.15,49.38,80.22,1.64
Nottingham,2206.99,7.96,5.68,406.7,2.29,1.71,15.39,10.42,28.17,30.33,25.63,67.02,4518.04,18.08,1.38,46.39,15.93,7.14,9.22,20.47,23.38,5.54,17.51,12.34,24.25,8.72,18.85,32.26,18.61,65.95,49.13,81.03,1.79
Nuneaton and Bedworth,1747.35,7.23,6.71,472.2,2.93,1.98,14.7,17.18,25.57,37.06,31.81,56.67,1651.31,17.08,2.05,40.56,18.31,9.62,12.12,13.74,19.8,7.32,22.07,16.93,30.62,7.1,4.19,45.22,19.15,87.14,49.12,79.69,1.88
Oadby and Wigston,1407.34,8.27,6.76,436.4,3.06,1.64,15.88,15.59,23.74,31.97,27.18,57.62,2436.44,12.23,1.92,31.34,15.19,7.93,10.45,15.12,26.19,6.87,26.41,18.13,23.66,6.38,7.16,46.86,17.17,63.37,48.48,81.93,2.46
Oldham,1829,7.45,7.32,441.4,2.99,2.25,16.11,13.51,19.48,31.86,24.2,62.66,1669.15,17.5,1.82,54.83,19.09,8.54,10.75,12.73,19.01,7.14,18.7,16.56,25.33,10.47,6.19,40.15,18.28,68.11,48.88,79.78,1.55
Oxford,1585.83,7.69,4.78,536.7,1.45,0.99,11.24,8.44,29.43,15.13,43.41,75.9,3324.52,12.35,1.11,38.95,10.62,5.15,6.41,17.36,40.54,4.3,28.98,11.01,17.08,4.95,22.35,31.62,14.5,70.7,49.14,86.97,2.77
Pendle,1913.32,5.89,7.79,396.3,3.63,2.27,12.56,14.12,25.58,27.19,27.57,60.05,544.07,18.39,1.96,37.98,19.46,8.36,10.17,13.08,19.93,7.55,19.11,16.37,27.82,9.93,5.33,42.92,17.66,70.57,49.46,80.42,1.85
Peterborough,1542.97,7,5.45,471.9,2.46,1.64,14.93,12.16,23.98,32.15,30.62,61.52,590.1,22.26,1.34,47.27,17.37,9.58,11.22,11.93,20.38,7.22,21.22,16.38,28.24,7.18,4.67,37.5,16.31,75.38,49.43,82.04,1.84
Plymouth,1536.92,6.84,7.41,419.9,3.68,2.61,10.61,13.91,25.19,33.56,35.92,66.3,3292.34,18.1,2.02,45.67,14.32,8.08,11.61,17.89,22.73,7.97,22.38,17.26,28,6.68,8.28,43.45,21.68,93.97,49.08,79.52,1.84
Portsmouth,1954.86,8.29,6.98,468,2.67,2.11,12.78,11.99,28.61,26.47,36.27,67.49,5312.66,19.36,1.61,61.06,14.31,7.9,10.77,17.93,24.61,6.6,23.5,17.08,23.99,6.38,11.19,38.28,17.62,85.23,49.6,82.19,1.58
Preston,2099.42,6.3,6.6,432.9,3.07,2.15,14.97,12.58,33.75,24.63,28.18,63.04,1013.02,20.11,1.79,39.68,15.61,7.54,10.31,14.65,25.46,6.7,22.01,15.87,24.52,8,9.86,38.73,18.15,72.6,49.88,81.51,1.71
Reading,1493.6,7.95,5.5,561.1,1.76,1.13,14.1,11.58,20.39,33.49,30.8,66.13,3968.88,14.35,1.15,44.88,12.83,7.42,8.65,13.62,32.8,5.81,29.17,15.14,21.4,6.24,9.2,34.41,13.83,67.09,49.85,85.65,1.8
Redbridge,1387.47,8.58,5,561.7,2.27,0.73,14.03,11.52,26.4,24.15,28.07,63.99,5418.37,12.41,1.08,27.3,13.52,6.73,8.75,10.66,33.1,5.24,25.89,18.91,15.74,9.67,7.79,35.45,11.93,34.8,49.42,85.33,1.21
Redcar and Cleveland,1985.14,5.87,7.52,425.2,4.08,3.54,13.8,17.59,22.43,34.8,30.97,65.28,560.35,16.28,2.47,44.53,18.11,8.04,11.47,15.6,20.51,8.54,20.65,15.63,31.4,10.19,4.42,51.23,22.33,97.7,48.4,76.54,2.21
Redditch,1894.62,7.02,6.9,449.4,3.28,2.17,11.89,14.62,21.75,33.47,30.29,58.43,1577.3,18.27,1.92,31.89,16.78,9.38,12.67,13.91,20.87,7.1,24,17.45,29.18,6.09,3.99,43.78,17.58,89.82,49.39,81.68,1.71
Reigate and Banstead,1427.77,7.43,6.11,590.2,2.55,1.35,9.35,12.96,16.77,22.15,36.89,75.86,1155.72,11.84,1.69,26.42,10.45,7.29,11.3,13.01,32.04,5.54,34.85,20.13,15.93,4.66,4.06,44.3,13.96,84.41,48.94,86.3,2.15
Ribble Valley,1638.08,5.68,7.62,505.4,3.6,1.89,11.65,17.34,19.06,23.75,32.35,75.35,106.36,10.76,2.19,17.41,11.05,6.59,10.96,14.4,33.23,7.37,34.17,20.9,20.08,4.29,4.16,54.47,15.27,96.26,49.06,84.67,3.34
Richmond upon Thames,1678.53,8.33,4.72,688.1,1.95,1.06,11.56,9.84,16.91,15.04,38.64,73.18,3451.02,10.58,1.23,16.65,7.25,3.98,7.18,9.64,48.18,3.56,43.21,16.4,10.12,4.42,5.66,44.55,12.02,80.45,48.12,88.6,2.39
Richmondshire,1454.55,4.71,7.06,374.9,3.68,2.02,10.75,18.5,14.31,27.53,36.48,76.53,40.75,11.98,2.81,26.25,12.91,7.84,12.25,15.6,27.53,7.73,29.34,22.42,23.58,5.24,3.28,51.25,16.3,94.4,51.16,83.83,3.63
Rochdale,1991.35,7.13,7.38,431.1,3.32,2.44,11.07,14.22,20.79,31.61,26.45,60.9,1414.84,18.54,1.93,56.12,18.17,8.23,10.97,13.17,20.66,6.98,20.14,16.97,25.74,9.81,5.53,41.49,19.02,73.95,49.03,79.84,1.77
Rochford,1394.15,7.48,6.64,583.2,3.28,1.97,12.33,16.48,11.27,30.2,41.47,69.75,516.98,12.11,1.98,27.55,15.83,10.6,14.43,15.29,18.79,7.61,29.35,23.47,20.9,5.12,3.71,51.3,15.99,95.86,48.45,83.4,2.26
Rossendale,1904.15,5.98,8.2,456.1,3.6,2.5,11.54,14.85,24.63,25.24,28.81,66.58,517.44,17.95,2.09,35.33,15.06,7.67,11.49,14.9,24.78,6.95,26.18,18.52,25.01,6.73,4.41,47.51,19.79,92.44,49.05,80.24,2.18
Rother,1479.04,6.03,7.02,444.8,4.54,2.68,10.86,20.62,22.76,25.72,39.23,72.74,189.85,13.91,3.04,25.35,16.12,9.45,12.55,14,25.5,7.74,29.1,24.85,21.46,6.47,3.49,60.27,21.63,95.58,47.49,78.37,2.65
Rotherham,2362.08,7.02,7.7,420,3.79,2.91,12.65,16.03,19.01,32.07,27.52,64.4,924.78,17.61,2.24,40.57,19.01,9.23,12.65,13.87,18.74,7.6,20.93,17.53,29.71,8.69,4.23,46.4,21.13,91.03,49.01,78.18,2.19
Rugby,1830.7,6.87,6.2,554.5,2.43,1.36,13.03,13.18,20.05,24.8,31.14,67.19,315.14,15.44,1.69,32.02,12.64,7.85,11.3,13.25,28.13,7.44,28.83,16.87,25.82,4.55,4.53,44.1,15.79,85.7,49.8,83.68,2.46
Runnymede,1663.23,8.1,5.15,648.1,2.59,1.43,10.3,13.03,25.46,21.84,33.98,70.17,1157.4,14.36,1.7,28.97,11.95,7.43,10.37,17.61,29.11,6.09,30.88,18.63,17.28,4.74,11.04,42.72,14.58,83.51,48.29,85.8,3.04
Rushcliffe,1543.21,7.24,6.72,538.4,3.13,1.41,15.99,13.86,20.43,17.99,40.59,75.32,296.69,8.88,2.04,19,9.85,5.81,9.85,13.98,37.14,5.43,38.03,17.5,16.01,4.32,6.19,48.96,16.02,89.71,49,85.13,2.94
Rushmoor,1493.9,8.1,5.61,498,2.58,1.88,16.28,14.45,22.98,30.66,33.07,68.65,2417.41,16.17,1.54,32.69,14.84,9.61,11.55,13.88,24.17,7.02,27,18.34,24.99,6.73,4,40.31,14.34,77.41,50.01,84.45,1.95
Rutland,1068.18,6.91,7.2,551.3,3.5,1.94,12.26,17.99,24.77,20.25,39.48,70.17,106.09,10.22,2.34,18.96,10.94,7.19,12.86,14.21,31.7,6.65,33.24,20.38,20.42,4.65,4.88,52.15,15.89,94.79,51.33,84.6,4.28
Ryedale,1455.24,5.22,7.62,427.3,4.16,2.06,13.92,17.5,15.74,20.68,38.12,71.19,36.92,11.62,2.63,26.25,15.01,8.01,12.3,13.81,27.97,7.58,27.44,22.36,26.48,4.99,3.42,57.22,17.53,98.16,48.78,81.55,3.52
Salford,2460.24,7.59,5.96,455.6,2.88,2.46,14.05,11.52,27.36,28.42,24.26,63.09,2702.92,18.44,1.65,49.44,15.87,7.42,10.09,13.67,26.93,6.39,24.47,16.1,23.39,8.57,7.84,34.85,18.46,82.34,50.21,81.72,1.67
Sandwell,1671.51,8.67,6.52,437.4,3.56,1.95,18.39,14.9,26.34,34.31,20.67,56.33,3845.42,17.84,1.58,57.8,22.48,8.95,10.58,11.55,17.64,6.63,15.58,14.33,30.01,11.42,6.48,38.95,17.86,57.23,49.22,79.02,1.25
Scarborough,2192.33,5.42,8.58,434.3,4.93,2.55,13.42,18.65,17.92,24.52,37.85,65.38,133.17,15.58,2.81,26.25,17.42,8.54,11.96,14.22,23.33,9.24,22.94,19.9,30.97,7.13,3.77,56.14,22.03,96.99,48.59,77.26,2.83
Sedgemoor,1657.8,7.15,7.14,435.4,3.97,2.49,11.26,16.93,27.14,28.33,32.63,68.45,218.74,17.73,2.4,32.8,16.19,9.3,12.91,14.8,21.61,8,23.62,19.45,30.46,5.61,3.65,51.54,19.14,96.6,49.53,80.23,2.47
Sefton,2018.34,7.87,7.14,445.4,4.11,2.55,12.75,17.11,16.17,28.53,32.82,65.88,1801.66,14.81,2.38,44.47,16.43,8.55,11.72,14.53,24.89,7.1,26.27,19.68,24.77,7.98,4.53,51.24,21.89,95.81,48.43,78.65,1.88
Selby,1622.5,6.14,7.71,532.7,3.57,1.99,10.75,15,17.6,26.65,32.54,68.83,153,12.8,2.3,26.25,13.15,8.36,11.99,14.9,26.3,7.3,29.17,18.59,25.86,4.67,3.71,49.17,16.26,97.68,49.12,83.31,2.9
Sevenoaks,1351.57,6.88,6.02,558.3,2.66,1.69,12.69,14.03,18.61,18.92,37.59,70.29,328.79,12.05,1.95,29.63,12.52,7.7,11.67,12.53,29.93,5.81,33.44,20.94,17.18,4.59,4,49.05,15.01,92.11,48.3,84.92,3.14
Sheffield,1655.62,6.97,7.06,469.4,3.22,2.03,15.6,12.97,24.09,25.34,30.54,71.7,1601.35,15.04,2.07,36.41,15.89,7.45,9.63,15.22,27.35,6.45,24.15,15.44,23.41,8.01,10.99,40.86,19.74,79.1,49.27,80.39,1.74
Shropshire,1546.17,5.73,7.44,454.5,3.76,1.85,14.96,16.89,17.28,31.96,36.74,71.44,101.78,12.86,2.69,25.93,14.08,8.08,12.64,14.65,27.35,7.32,28.58,21.32,24.96,5.23,4.05,54.05,18.54,96.68,49.34,81.34,2.73
Slough,1781.46,8.47,5.49,540.9,2.55,1,12.89,12.23,22.87,23.84,24.78,51.6,4597.26,15.36,1.1,45.71,15.12,8.05,9.04,10.21,26.13,6.48,20.45,16.78,22.62,8.85,6.35,31.92,11.34,36.05,49.52,85.65,1.4
Solihull,1683.41,7.66,6.55,575.3,3.03,1.92,15.67,14.72,18.37,24.72,29.97,65.66,1219.86,13.33,1.91,37.8,14.17,7.69,11.42,13.07,28.6,5.75,31.24,17.78,20.81,6.26,4.6,47.81,17.22,82.16,48.54,82.64,2.3
Somerset West and Taunton,1682.5,6.46,6.96,429.4,3.81,2.35,14.51,16.47,28.46,27.02,35.83,70.67,130.86,14.92,2.49,32.8,13.68,8.03,12.8,14.37,27.08,7.43,28.26,20.98,25.5,4.94,3.72,52.75,19.16,95.64,48.57,80.82,2.71
South Cambridgeshire,1421.17,6.83,7.48,625.7,2.93,1.33,12.47,13.18,19.2,20.92,43.69,68.92,178.46,9.78,1.58,18.19,9.5,6.23,9.38,11.38,38.47,5.44,38.16,17.84,16.41,3.6,4.41,46.89,14.74,89,49.07,85.83,3.11
South Derbyshire,1821.95,7.24,7.42,537.8,3.1,2.03,18.8,14.81,21.13,33.03,34.47,72.33,323.9,13.8,1.96,26.33,12.99,8.02,11.98,15.26,25.81,7.05,28.63,17.52,26.11,4.87,4,46.42,17.17,93.12,49.01,82.67,1.94
South Gloucestershire,1762.82,7.67,7.24,500.8,2.99,1.63,10.42,14.26,18.2,21.92,34,68.9,579.17,13.28,1.94,24.92,11.64,8.26,11.69,15.99,26.94,7.21,29.9,19.25,22.8,4.08,5.7,44.25,16.33,91.2,49.5,83.88,2.33
South Hams,1182.42,5.89,7.26,487.1,3.87,2.08,11.05,16.7,20.64,23.42,45.69,81.72,99.21,11.71,2.8,19.68,10.97,7.14,11.42,14.31,33.71,7.03,32.48,23.64,20.12,4.61,3.73,57.95,18.91,97.52,48.13,82.26,2.94
South Holland,1376.31,6.63,6.88,475.4,4.02,2.17,10.94,18.65,26.87,38.04,33.54,65.11,129.12,19.47,2.37,29.25,20.39,10.35,13.06,13.33,16.68,9.24,20.78,19.44,34.08,5.61,3.13,51.53,18.82,96.32,49.15,79.13,1.59
South Kesteven,1290.62,6.92,7.55,469.2,3.92,2.01,12.63,17.67,22.1,28.38,37.26,69.64,151.95,13.79,2.23,24.81,13.92,8.67,12.51,14.81,24.79,7.59,28.29,19.23,25.86,5.12,3.78,51.61,17.87,95.83,48.47,81.69,2.49
South Lakeland,1327.6,4.87,7.42,460.6,3.81,1.69,13.83,16.33,18.75,19.95,41.33,77.29,68.4,11.49,2.73,23.1,11.87,7.08,11.07,14.69,33.12,8.06,31.01,21.5,25.1,4.44,3.83,57.9,17.62,97.68,48.97,82.78,3.6
South Norfolk,1282.84,6.3,7.43,492.7,3.34,1.62,12.28,15.25,12.98,22.92,42.05,72.8,157.61,12.13,2.19,25.13,14.09,8.32,12.37,14.3,26.46,7.04,30.36,21.23,22.92,4.3,3.78,51.86,17.71,95.44,48.78,82.48,2.7
South Oxfordshire,1235.63,7.15,6.84,588.2,2.52,1.39,15.29,13.95,21.89,17.71,43.48,77.99,211.9,11.72,1.89,19.96,10.13,6.94,10.34,12.81,35.52,5.75,36.67,19.39,17.83,3.69,3.92,48.37,14.02,93.09,49.34,86.42,3.55
South Ribble,1766.92,6.25,7.07,465,3.53,1.94,13.67,15.6,22.35,24.51,31.45,69.27,983.45,12.94,2,50.61,12.93,7.91,11.61,15.69,26.33,7.94,29.15,19.54,24.27,5.38,4.07,49.81,18.3,95.39,48.9,81.95,2.53
South Somerset,1909.3,6.9,7.38,453.3,3.8,2.13,12.67,18.06,16.81,22.76,38.79,68.14,175.9,15.33,2.4,32.8,13.75,8.75,12.74,15,24.66,8.39,26.96,21.02,27.24,4.63,3.44,52.76,18.39,96.62,48.94,81.42,2.83
South Staffordshire,1812.09,6.83,6.7,517.7,3.65,2,13.39,17.06,19.36,28.35,28.79,68.99,275.88,12.16,2.25,17.98,16.3,8.61,12.23,14.87,24.85,7.66,29.54,21.05,24.1,6.16,3.67,54,18.65,93.75,50.07,80.73,2.68
South Tyneside,2750.11,7.22,7.13,457.8,4.16,3.52,14.12,15.68,25.38,37.83,34.61,61.53,2346.31,17.5,2.17,40.23,16.82,8.34,11.77,15.07,21.46,8.63,21.17,16.11,29.5,10.72,4.58,48.53,22.58,94.39,48.53,76.82,2.02
Southampton,3871.26,7.84,6.08,521.4,2.18,2.05,18.66,10.79,26,24.9,28.76,65.89,5068.66,18.24,1.5,62.76,14.21,7.82,10.31,16.87,25.98,6.91,22.4,16.05,25.35,6.44,11.86,35.49,17.65,80.68,50.2,82.78,1.27
Southend-on-Sea,1657.06,7.72,6.42,510.8,3.01,2.12,13.98,14.93,28.56,33.48,39.41,67.55,4377.17,17.31,1.87,57.98,15.95,9.74,12.81,14,22.04,6.49,27.24,20.32,22.29,6.87,4.31,45.56,18.32,87.49,48.66,81.09,1.67
Southwark,2141.36,9.22,4.52,620.8,1.27,1.22,15.65,10.26,23.48,15.42,30.68,68.94,11090.87,15.29,0.98,29.55,11.54,5.15,6.55,10.26,45.68,4.08,35.33,13.28,17.6,7.55,9.51,31.16,13.66,51.43,48.44,86.12,1.28
Spelthorne,1887.54,8.19,5.35,589.6,2.93,1.52,16.87,14.68,19.86,26.63,31.82,67.99,2225.12,14.5,1.79,29.24,13.61,8.97,11.68,12.85,27.19,6.67,30.33,20.93,20.17,5.46,4.08,44.63,14.22,78.67,49.17,84.84,1.84
St Albans,1303.88,8.11,6.09,681.3,2.28,1.13,15.38,10.92,24.24,18.54,41.42,72.53,926.42,9.52,1.43,21.05,7.95,5.25,8.99,10.27,41.53,4.36,40.35,16.67,12.62,3.88,4.82,44.83,12.91,83.6,48.79,87.83,2.93
St. Helens,2155.06,7.49,8.17,479.2,4.18,2.88,15.94,17.23,21.44,32.13,28.61,65.12,1327.85,15.58,2.07,53.57,17.6,8.52,12.05,14.27,22.32,7.41,23.22,16.56,29.6,8.65,4.14,47.85,22.28,96.53,49.07,77.88,1.95
Stafford,2028.39,6.36,6.75,502.2,3.49,1.79,19.16,15.9,23.83,28.83,31.31,69.04,230.47,13.58,2.22,23.56,13.09,7.83,11.65,14.43,29.12,6.89,31.53,18.65,23.69,5.11,4.04,50.87,18.24,93.38,49.41,81.8,2.39
Staffordshire Moorlands,1768.88,6.27,7.61,470.8,3.97,2.37,15.3,18.91,23.61,28.14,32.83,69.84,170.93,12.74,2.6,24.87,16.93,8.18,11.94,15.12,23.94,8.26,26.39,20.88,27.78,5.43,3.88,55.77,19.64,98,49.33,80.11,2.5
Stevenage,1808.63,7.66,6.41,469.3,2.53,1.69,17.64,12.75,25.19,29.65,25.99,66.66,3393.31,16.74,1.58,39.77,13.53,10.29,12.19,13.64,23.57,6.37,26.17,18.88,24.74,5.44,4.37,40.74,17.28,82.8,49.34,82.7,2.17
Stockport,1891.23,7.55,7.29,503.2,3.59,2.24,14.82,14.91,20.95,23.28,27.25,68.68,2333.75,13.99,2.18,34.71,12.58,7.41,10.97,13.08,30.44,6.57,31.6,18.98,20.07,6.18,4.22,46.53,18.15,87.37,48.65,82.07,2.01
Stockton-on-Tees,2277.3,6.51,7.3,460.3,3.65,2.58,20.42,15.44,23.24,32.85,27.54,66.96,968.07,15.15,2.26,46.15,14.98,7.79,11.7,14.75,23.73,7.42,23.89,15.8,26.7,9.13,4.84,45.8,19.86,92.04,49.1,79.86,2.04
Stoke-on-Trent,2454.89,6.98,6.88,445.3,3.35,2.67,14.23,16.33,27.67,33.98,23.62,62.96,2746.08,19.61,2.08,48.71,20.65,8.74,11.78,13.42,17.4,7.7,16.17,15.31,33.47,8.55,6.2,41.63,21.14,83.48,49.73,77.83,1.79
Stratford-on-Avon,1531.79,6.64,6.93,517,3.15,1.68,13.03,16.51,17.42,24.78,43.41,69.79,135.4,11.89,2.31,25.15,12.05,7.31,11.25,13.76,33,6.25,34.86,20.85,20,4.26,3.65,54.21,16.09,95.51,48.52,83.91,3.05
Stroud,1222.79,6.88,7.67,475.2,3.47,1.73,16.74,15.77,17.88,26.76,41.47,71.94,262.46,12.77,2.08,23.27,11.16,7.45,11.46,14.13,31.99,6.53,32.53,20.03,22.28,4.12,3.78,52.68,16.94,96.37,48.91,83.36,2.76
Sunderland,2667.82,6.9,6.75,418.1,4.44,3.35,12.73,17.12,26.21,35.36,26.44,66.44,2021.26,17.3,2.25,42.19,18.84,8.95,12.24,14.11,20.25,8.06,20.25,16.41,29.77,10.7,5.35,47.96,23.49,94.6,48.54,76.14,2.07
Surrey Heath,1364.28,7.95,6.14,659.3,2.72,1.27,10.92,13.92,16.64,25.31,34.07,72.1,938.07,11.98,1.67,23.03,10.66,7.82,11.67,13.68,31.98,5.75,36.17,19.77,16.87,4.47,4.31,48.18,13.56,85.01,49.14,86.59,2.45
Sutton,1495.79,8.09,6.04,561.4,2.42,1.36,14.37,12.83,19.38,21.36,27.66,62.4,4736.74,13.48,1.37,23.73,11.98,7.32,10.22,12.34,31.43,5.72,30.57,19.99,17.53,5.86,5.09,41,14.13,68.28,48.41,85.44,1.55
Swale,1365.1,6.83,6.32,469,2.92,2.33,14.83,15.59,22.36,32.14,36.31,63.8,404.45,18.5,1.66,53.77,17.68,9.91,12.51,13.86,19.06,7.4,22.97,19.55,26.92,7.19,3.79,45.19,19.54,93.84,49.66,80.24,1.95
Swindon,1888.54,7.92,6.96,501.7,2.73,1.7,14.23,14.42,25.56,29.67,28.32,67.5,968.61,15.14,1.6,32.65,13.89,10.43,12.97,13.11,22.37,7.41,25.35,17.64,27.38,5.7,4.11,42.55,15.88,81.46,49.72,83.27,2.03
Tameside,2084.89,7.67,7.44,421.6,3.67,2.82,11.43,15.93,23.5,31.83,26.01,57.71,2201.36,18.66,2.02,52.51,17.5,9.01,12.14,14.22,19.57,7.69,21.39,18.33,27.66,8.2,4.54,44.07,20,85.55,49.02,79.02,1.64
Tamworth,1987.01,7.25,7.1,463.5,3.39,1.92,11.89,14.41,21.91,36.2,25.26,63.39,2491.85,16.72,1.86,30.25,17.67,10.53,13.63,14.91,17.74,6.62,21.76,16.66,32.5,6.06,4.11,45.35,18.49,95.76,49.25,80.4,1.48
Tandridge,1399.34,7.01,6.16,575.1,3.17,1.47,14.99,13.7,15.16,20.44,41.86,77.13,356.75,12.57,1.94,21.36,11.14,7.58,12.21,13.96,30.18,5.54,34.94,21.53,15.29,4.6,4.25,48.82,14.86,89.42,48.17,85.2,3.53
Teignbridge,1483.26,6.41,7.54,412,3.81,2.24,10.56,17.44,25.21,31.78,41.53,76.08,200.39,14.08,2.66,19.68,13.17,8.52,12.48,14.64,27.58,7.79,29.12,21.98,24.82,4.74,3.5,55.61,20.33,97.68,48.47,80.47,2.4
Telford and Wrekin,1756.73,6.3,6.74,444.3,3.03,2.04,11.64,14.15,26,32.44,26.14,64.17,624.57,17.32,1.97,44.71,15.99,9.02,12.51,14.96,20.91,6.73,22.92,16.18,28.96,6.87,5.2,43.79,19.69,88.19,49.23,80.04,1.98
Tendring,1533.58,6.92,7.95,451.4,4.5,3.02,14.39,19.98,17.07,28.15,42.97,63.52,436.42,17.53,2.6,51.58,22.11,10.9,12.86,13.11,16.73,8.51,21.64,21.07,29.84,8.39,3.28,56.64,24.07,96.2,48.2,75.06,1.79
Test Valley,2104.98,7.16,6.65,515.1,2.79,1.64,12.76,14.72,21.48,22.22,40.48,72.84,202.62,13.95,2.1,32.02,11.53,8.04,11.75,14.75,29.2,6.54,33.2,19.66,21.23,4.12,3.61,49.09,15.57,93.08,48.96,84.71,2.85
Tewkesbury,1413.01,7.16,7.81,536.6,3.64,1.9,13.23,15.57,22.79,31.31,38.82,71.85,233.16,12.32,2.19,21.79,11.29,7.97,12.12,14.18,29.24,6.71,31.99,20.32,21.45,4.16,3.59,49.01,15.99,95.07,48.57,84.08,2.61
Thanet,1892.85,6.5,6.6,437.9,3.52,3.15,16.43,17.05,23.59,32.45,37.67,63.3,1368.92,19.52,2.25,67.28,17.78,9.48,11.84,13.72,21.61,7.67,23.35,20.49,26.27,7.95,4.04,50.14,22.86,92.98,48.13,77.01,1.95
Three Rivers,1577.52,8.17,6.23,555.8,2.81,1.55,14.22,14.2,21.97,20.22,29.19,70.16,1058.02,12.89,1.73,20.21,10.69,6.97,10.49,12.24,34.15,5.44,34.92,20.18,15.61,4.43,4.84,45.83,13.54,77.12,48.68,86.05,2.83
Thurrock,1592.19,7.92,5.65,572.7,2.33,1.93,12.04,14.02,17.28,28.19,22.41,59.7,1074.4,16.83,1.53,40.47,16.73,9.45,12.07,12.59,20.3,6.34,21.14,18.58,26.23,6.29,5.24,37.76,14.46,76.7,48.98,84.11,1.79
Tonbridge and Malling,1259.08,6.94,6.03,588.4,2.65,1.65,13.99,13.9,25.42,21.11,34.46,67.64,552.07,13.04,1.74,31.01,12.35,8.44,12.62,13.96,25.97,6.48,31.18,20.22,19.84,4.44,4.14,46.66,15.3,93.26,48.68,84.68,2.83
Torbay,1842.77,6.59,7.73,432.8,4.11,2.82,14.57,18,16.34,30.47,37.31,69.74,2166.52,17.89,2.77,40.75,16.61,9.83,12.99,14.52,21.27,8.79,22.82,21.47,29.01,6.89,3.81,54.72,23.85,96.12,48.69,76.47,2.19
Torridge,1273.81,5.68,7.93,387.4,4.8,2.26,6.61,17.44,19.67,29.12,39.25,68.59,69.85,14.33,3.1,24.27,15.89,9.74,13.32,14.88,22.11,8.56,23.14,24.55,28.09,5.58,3.14,57.72,21.21,98.25,48.95,78.64,2.34
Tower Hamlets,1868.27,9.48,4.54,679.4,1.39,0.96,8.57,6.98,20.78,18.21,25.07,67.57,16792.4,16.32,0.68,32.88,13.21,5.53,6.91,10.75,41.02,4.08,32.4,12.15,15.14,11.14,10.66,21.99,12.93,39.4,50.23,85.1,0.83
Trafford,1677.35,7.25,7.4,543.2,3.16,1.93,8.98,13.94,22.93,22.16,29.75,70.98,2240.52,12.3,1.93,30.25,11.06,6.51,10.04,11.97,34.02,5.59,33.36,17.25,17.47,5.99,5.12,43.91,15.98,77.75,48.67,84.07,2.25
Tunbridge Wells,1393.34,6.41,6.17,575.3,2.43,1.56,11.12,13.45,20.48,21.89,38.48,74.97,358.98,13.16,1.95,32.47,10.8,6.93,11.62,12.48,32.96,5.34,34.28,19.91,17.4,4.28,4.27,47.43,15,91.55,48.52,85.29,3.23
Uttlesford,1293.56,6.84,7,518.9,2.8,1.42,7.42,14.66,15.98,24.54,37.49,74.47,144.67,11.46,1.65,23.6,11.08,7.64,12.51,13.89,29.48,5.9,34.22,21.37,17.26,3.61,4.04,48.7,13.39,94.47,48.88,86.73,2.77
Vale of White Horse,1184.79,7.22,6.52,587.4,2.62,1.51,11.21,14.02,22.06,21.76,37.15,72.6,238.76,12.26,2.22,22.21,10.14,6.9,9.9,12.5,35.64,5.85,36.17,18.09,18.64,3.77,4.27,46.1,14.68,90.78,49.64,85.97,3.54
Wakefield,1657.96,6.8,7.51,445.5,3.53,2.71,10.14,15.5,16.71,33.3,23.82,61.04,1038.33,18.31,2.17,56.72,19.88,8.8,12.15,13.24,19.75,7.55,22.14,16.43,31.63,7.39,3.78,45.92,20.15,93.03,49.19,79,2.19
Walsall,2085.27,8.19,6.7,444.3,3.79,2.36,9.13,15.01,21.97,32.73,22.27,57.25,2758.08,18.12,1.76,52.57,20.69,9.02,11.17,12.33,18.62,6.69,18.42,15.62,29.01,9.82,5.64,42.01,19.06,71.35,48.8,78.79,1.71
Waltham Forest,1456.3,8.85,5.16,613.9,1.78,0.87,6.66,10.73,21.33,21.59,30.47,63.84,7135.05,17.65,0.97,26.67,14.56,6.78,8.3,10.33,34.45,5.38,27.6,18.31,18.34,8.72,6.83,33.55,13.2,52.81,49.02,84.98,1.11
Wandsworth,1721.27,8.89,4.32,728.3,1.37,0.83,9.67,8.29,24.74,14.37,38.11,74.11,9623.67,12.8,0.87,25.75,8.31,3.9,5.77,9.53,52.32,3.71,44.18,14.67,12.45,5.83,6.41,30.32,11.43,67.81,47.4,88.7,1.22
Warrington,1664.12,6.88,6.78,505.5,3.51,1.79,9.78,14.43,20.35,29.54,28.49,69.19,1159.11,14.27,1.88,43.73,13.49,8.17,12.08,14.14,27,6.99,28.95,17.74,24.92,5.9,4.37,47.04,17.66,93.52,49.51,82.83,2.5
Warwick,1837.77,6.84,6.42,575.3,2.6,1.46,11.73,13.43,22.41,17.45,38.75,72.74,512.26,12.16,1.9,25.15,10.47,6.08,8.91,14.71,37.51,5.34,35.79,16.04,17.65,4.52,9.02,43.95,15.18,84.56,49.74,85.23,2.28
Watford,1824.52,8.43,5.38,542.4,2.28,1.21,6.99,11.32,20.59,22.38,31.62,63.33,4509.87,15.21,1.34,33.05,12.56,7.3,9.75,11.42,32.53,5.63,29.25,18.65,19.75,6.08,5.45,36.65,12.65,60.86,49.24,85.91,1.69
Waverley,1575.9,7.12,6.44,557.7,2.93,1.25,9.18,14.27,16.95,16.68,41.93,77.28,366.65,9.86,1.78,17.91,9.25,5.87,10.64,12.34,37.66,5.06,37.65,19.29,14.49,3.72,5.68,49.96,14.35,93.65,48.51,86.75,3.76
Wealden,1306.54,6.22,6.86,479.1,3.37,1.93,8.09,16.51,15.86,24.7,38.57,76.43,195.32,12.07,2.32,16.9,12.47,8.7,13.01,15.02,27.19,7.06,31.33,24.17,19.54,4.65,3.77,55.5,17.25,96.04,48.17,82.95,2.44
Welwyn Hatfield,1612.49,8.23,5.51,520.6,2.45,1.44,11.31,12.77,20.79,26.42,31.64,69.25,956.3,14.54,1.65,28.52,11.66,7.51,10.46,15.5,30.36,5.86,28.54,17.5,19.25,4.81,11.25,40.01,14.94,78.69,49.16,85.2,2.19
West Berkshire,1302.72,7.23,7.09,557.6,2.55,1.48,9.7,14.38,16.89,24.52,33.9,72.24,225.04,12.77,1.71,22.66,11.45,8.04,11.74,13.66,29.96,6.13,33.63,19.23,20.08,3.97,4.08,47.93,14.66,91.91,49.37,85.7,3.47
West Devon,1243.19,5.67,8.62,378.1,4.34,2.06,6.9,17.86,15.17,19.38,46.04,75.87,48.41,11.63,2.73,19.68,13.19,8.51,12.4,14.22,28.84,7.55,29.04,24.07,23.18,4.82,3.59,58.35,20.84,97.81,48.93,80.23,3.18
West Lancashire,1638.12,6.74,7.32,439.3,3.72,2.28,11.37,16.55,16.91,35.16,31.44,69.32,330.16,13.06,2.11,25.14,14.89,7.72,11.46,17.61,25.09,6.98,26.23,17.75,24.4,6.29,9.07,49.26,19.4,96.91,48.05,81.22,2.1
West Lindsey,1389.36,6.41,8.23,500,4.23,2.27,8.38,17.36,16.43,34.54,38.69,63.77,83.23,14.67,2.38,26.78,15.06,8.61,12.21,15.05,24.37,7.85,26.84,19.63,26.25,6.61,3.81,54.01,20.52,96.96,49.07,79.74,2.48
West Northamptonshire,1672.66,7.82,6.39,507.2,2.59,1.51,8.97,14.02,19.34,29.18,37.25,65.26,295.3,16.67,1.54,39.87,14.05,8.78,11.56,13.64,25.62,7.03,26.9,19,24.38,4.96,5.43,43.25,15.24,85.91,49.48,84.25,2.32
West Oxfordshire,1276.84,6.99,6.88,499.9,2.82,1.56,10.25,16.02,18.98,24.94,38.52,71.15,156.44,12.2,2.08,21.45,11.43,7.79,11.04,14.1,31.44,6.32,33.25,20.22,21.35,3.69,3.59,49.26,15.14,95.22,49.14,85.26,3.07
West Suffolk,1434.65,6.58,7.56,476.5,3.29,2.21,10.33,15.41,17.71,29.63,37.81,69.14,171.36,16,1.92,26.67,17.24,8.89,11.57,13.26,23.47,7.9,27.07,19.67,26.92,4.98,3.68,46.04,16.32,91.78,50.08,83.16,2.86
Westminster,1843.81,9.52,3.36,767.7,1.48,0.79,9.04,7.2,22.22,16.34,32.92,70.66,12564.04,13.72,0.88,47.7,11.2,4.22,5.96,10.78,50.12,4.61,38.5,14,12.89,10.27,11.24,36.69,13.77,55.2,48.43,85.2,1.78
Wigan,1979.92,7.52,7.64,479.5,3.87,2.55,6.71,16,18.5,29.42,26.96,64.48,1757.32,16.05,2.1,46.78,17.18,8.58,12.59,14.39,21.06,7.79,22.86,17.7,29.09,7.68,4.25,46.45,20,95.03,49.49,79.73,1.94
Wiltshire,1407.7,7.02,7.27,465.2,3.45,1.81,7.03,15.51,18.39,28.78,35.3,71.94,154.84,13.48,2.21,22.95,11.84,8.38,12.28,15,28.06,6.57,31,19.96,23.05,4.3,3.82,49.68,16.95,94.33,49.32,83.61,2.76
Winchester,1696.25,7.09,6.76,557.5,2.73,1.49,10.03,14.19,24,15.86,43.97,76.42,190.51,10.67,2.1,25.95,9.12,5.74,10.2,15.25,36.91,4.97,36.95,17.77,15.69,3.65,8.13,47.54,15.35,93.61,48.7,86.19,3.3
Windsor and Maidenhead,1278.27,7.94,5.81,576.9,2.7,1.08,9.66,13.33,21.24,18.93,34.45,76.22,769.8,11.44,1.64,25.86,10.13,6.56,10.37,11.95,36.22,5.33,37.11,18.63,15.13,4.91,4.8,46.32,12.32,79.84,49.13,87.55,3.01
Wirral,2266.42,6.47,7.49,465,3.87,2.61,11.2,16.32,20.79,29.19,34.81,64.44,2065.18,15.12,2.29,41.74,14.65,7.9,12.05,14.64,25.75,6.88,26.52,17.87,25.13,7.77,4.57,49.52,22.83,95.16,48.43,78.56,1.77
Woking,1621.3,7.99,5.44,608.3,2.37,1.21,12.47,12,20.3,19.52,35.12,74.63,1572.56,12.07,1.46,29.26,10.58,6.74,9.93,11.68,35.7,5.21,35.49,18.36,16.62,4.93,4.43,42.53,13.61,78.44,49.68,86.43,2.26
Wokingham,1108.55,7.87,6.48,649.6,2.25,1.05,12.41,12.7,16.99,22.39,33.62,69.6,971.87,10.3,1.52,17.55,8.27,6.42,10.01,12.95,36.65,5.04,38.73,17.73,13.98,3.75,5.14,44.05,12.48,79.92,49.14,88.12,2.5
Wolverhampton,2414.7,7.61,6.07,460,2.94,1.72,12.21,14.09,23.09,33.25,24.77,57.24,3807.73,17.26,1.71,65.04,20.02,8.7,10.9,11.9,20.75,6.77,18.22,14.54,29.46,10.36,6.45,41.27,18.19,60.56,49.12,79.22,1.65
Worcester,1782.83,6.88,6.34,489,2.67,1.78,15.35,13.98,28.57,25.81,31.04,69.79,3012.85,16.61,1.79,31.8,14.31,7.6,11.08,15.12,27.8,6.51,26.95,16.93,25.8,5.65,7.1,43.4,17.52,89.99,48.98,82.49,2.5
Worthing,1581.11,7.07,7.48,507.9,3.79,1.88,13.55,16.52,22.4,25.95,34.14,68.86,3408.86,15.35,2.35,31.78,13.45,8.86,12.63,14.74,26.33,6.93,29.52,21.28,22.68,5.39,4.08,49.71,19.13,91.35,48.35,80.91,1.68
Wychavon,1557.4,6.65,7.03,431.4,3.47,2.01,9.33,17.62,15.85,25.97,38.91,70.51,197.55,14.52,2.36,31.8,14.74,8.54,11.56,13.88,27.62,7.22,30.43,20.75,23.92,4.83,3.66,53.37,17.33,96.85,49.05,82.43,2.76
Wyre,1848.13,6.65,7.86,448.7,4.85,2.88,8.63,19.22,23.5,28.6,35.9,68.84,400.16,14.42,2.79,31.95,16.7,8.48,12.38,14.76,23.83,8.13,26.29,21.71,24.71,7.24,4.32,55.83,22.13,97.49,48.62,77.6,2.23
Wyre Forest,2036.94,6.79,7.97,456.5,3.8,2.34,8.73,18.73,29.08,32.08,35.26,64.9,517.58,16.59,2.75,31.89,18.13,8.91,12.48,14.17,21.71,7.82,24.8,19.35,28.8,6.51,3.77,52.79,20.14,95.88,49.03,79.07,2.27
York,1912.09,5.89,6.42,469.5,2.93,1.56,6.11,12.37,25.69,18.56,35.26,75.18,775.96,11.81,2.02,29.18,11.32,6.31,9.64,18.44,32.91,6.22,29.41,16.04,21.72,4.5,13.16,43.46,17.06,92.78,48.08,83.64,2.68
